claim_id	model_id	event_a	event_b	relation	language	event_a_scope	event_b_scope	event_a_spec	event_b_spec	layer	source_key	printed_pages	evidence_type	assumptions	diagnostic	sc_correspondence	open_questions
d-feeder	ringe-taylor-d	coronal-ww	glide-reanalysis	before	English path	common_stem	common_stem	Coronal dw/zw assimilation supplies ww in four/you.	Vww > Vuw; source quantities and gemination subclasses remain to specify.	Assimilation/reanalysis	RingeTaylor2014	41-42,65-66	source_statement	Common-stem scope denotes PWGmc inheritance at or before the required AF node, not an exclusive AF innovation.	four 2029; you 2326	SC031/SC033	Exact inherited versus j-created glide classes and quantity/stress conditions still require component specification.
d-realization	ringe-taylor-d	glide-reanalysis	english-au-realization	before	English path	common_stem	daughter_only	Vww > Vuw, including source hawwan > hauwan.	Later English au tensing/fronting and offglide development; do not equate with SC033's already-English eo output.	Reanalysis/diphthong realization	RingeTaylor2014	65-66,171-173	inference	Ordered English suffix is distinct from earlier reanalysis; this row does not date every executable eu/iu/leveling clause.	hew 2074; dew 1989	SC031/SC032/SC033/SC034	Exact realization subcomponents and all selected-input paths are not yet specified.
a-long	campbell-english-conditional	inherited-oral-long-fronting	english-ai-contraction	before	English path	unresolved	daughter_only	Inherited oral long-a fronting; nasal and secondary long vowels are separate.	Completed stressed ai contraction to long-a, not a hypothetical limited ancestral onset.	Long-vowel restructuring	Campbell1939	90	source_statement	Author's English order is retained; daughter-only completed contraction is the synthesis's explicitly conditional placement, not an independently proven date.	Existing inherited-long versus stone 2220 contrast	SC101/SC004	Shared-stem scope of inherited-long fronting depends on its separately adjudicated input-history premises.
a-short	campbell-english-conditional	english-ai-contraction	english-short-fronting	before	English path	daughter_only	daughter_only	Completed stressed ai contraction to long-a.	Ordinary stressed short-a fronting; this row does not cover SC043's unstressed or long-final clauses.	Daughter contraction/fronting	Campbell1939	90-91,104	inference	Under daughter-only contraction, subsequent ordinary fronting is daughter-local; no conclusion about SC030 identity is encoded.	stone 2220 versus day 1985	SC004/SC043	Precise fronting domain and SC030 episode identity require the F packet; no canonical placement is changed.
a-long-milestones	ringe-taylor-a	inherited-long-fronting-well-underway	english-ai-contraction-complete	before	English path	unresolved	daughter_only	Inherited-long fronting has significantly progressed, not necessarily ended.	Completed stressed English ai contraction makes new long-a available.	Long-vowel temporal milestones	RingeTaylor2014	170	source_statement	Daughter-only completion is the synthesis's conditional comparative premise; source allows overlap and does not establish non-overlapping durations.	sheep 2179; deed 1987 versus stone 2220	SC101/SC004	Shared-stem placement remains unsettled; source disputes a general inference from short-a to diphthong-nucleus behavior.
f-episode	campbell-english-conditional	english-short-fronting	english-au-first-fronting	same_event	English path	daughter_only	daughter_only	Ordinary non-nasal stressed short-a fronting.	Fronting of inherited au first element, not later offglide completion.	English fronting episode	Campbell1939	91	source_statement	Same episode is the selected author's reconstruction; it does not identify every SC043 clause or prove common-stem inheritance.	day 1985 versus inherited-au controls	SC030/SC043	Unstressed-short and long-final clauses require independent histories; exact coherent executable completion remains separate.
f-common-au	goblirsch-au	common-au-fronted-diphthong	frisian-au-stress-shift	before	English and Frisian comparison	common_stem	daughter_only	Proposed common fronted au diphthong, not an observed Frisian intermediate.	Proposed shift of prominence to the second component.	Diphthong stress shift	Goblirsch1991	17,20-21	source_statement	Common event and reconstructed Frisian diphthong are the author's explicit premises, not CAPR's verdict.	Frisian final au outcomes; no runtime Frisian fixture	SC030/SC032	No independently witnessed Frisian fronted-au state or full ordinary-a/ai order is supplied.
f-frisian-contraction	goblirsch-au	frisian-au-stress-shift	frisian-au-contraction	before	Frisian comparison	daughter_only	daughter_only	Proposed second-component prominence.	Contraction after weakening/loss of the former first component.	Daughter continuation	Goblirsch1991	17,20-21	source_statement	A daughter follower permits stem placement; compatibility does not establish inheritance.	Frisian final au outcomes; comparative prose only	SC030/SC032	Exact lost-glide inventory and temporal placement remain reconstructed.
p-initial-cutoff	hogg-initial-cutoff	initial-palatal-productive-cutoff	english-mutation	before	English path	unresolved	daughter_only	Cutoff of initial velar palatalization before mutation-created unrounded fronts.	English i-mutation, not later unrounding alone.	Productive cutoff	Hogg1979	100-103	inference	Key's unrounded vowel is stronger than rounded mutation controls; no date for every articulatory or assibilation layer is inferred.	key oblique; cow 1980 control only	SC052/SC055	Initial shared-stem scope and exact noninitial/stop/fricative domains remain separate.
p-medial-trigger	hogg-medial-trigger	english-mutation	effective-medial-fricative-j-merger	unresolved	English path	daughter_only	unresolved	Inherited j triggers mutation; new medial palatal element must not be assumed equivalent prematurely.	Creation of an effective medial j trigger, distinct from palatal articulation and SC057 coalescence.	Medial merger problem	Hogg1979	102-110	source_statement	Hogg considers several resolutions without proving one; the two directions are not silently reconciled into a new law.	day oblique versus inherited-j positive	SC045/SC052/SC055	Delayed merger, position splits and trigger equivalence remain unresolved.
u-break-pd	ordinary-ws-pd	english-breaking	ordinary-ws-palatal-diphthongization	before	English path	unresolved	daughter_only	Relevant breaking products are already diphthongs.	Ordinary non-high-front vowel diphthongization after initial palatals.	Vowel diphthongization	Fulk2018	74	source_statement	English breaking and consonantal palatalization are not identified; PD here excludes later mutation-product treatment.	guest 2049; sheep 2179 controls	SC044/SC056	Breaking component/dialect scope and precise ordinary clause mapping remain to audit.
u-pd-mutation	ordinary-ws-pd	ordinary-ws-palatal-diphthongization	english-mutation	before	English path	daughter_only	daughter_only	Ordinary non-high-front vowel diphthongization after initial palatals.	English mutation of its output.	Ordinary vowel sequence	RingeTaylor2014	215-217,222	source_statement	Handbook guest path is distinguished from the incumbent output-equivalent simple-vowel raising path.	guest; source kettle/cheese comparanda	SC055/SC056	Source input/cell and ordinary network decomposition must be specified before production.
u-late-sc	ordinary-ws-pd	english-mutation	later-sc-mutation-product-treatment	before	English path	daughter_only	daughter_only	Mutation of ai-derived long a.	Later sc treatment of the mutation product; no lexical optionality inferred.	Later vowel layer	RingeTaylor2014	235	source_statement	Source reports outcomes without supplying CAPR's complete exceptionless conditioner.	sheath 2178; matching/nonmatching source controls	SC055/SC056	Exact phonological conditioning is a production gate, not repaired by naming individual lexemes.
u-layer-identity	ordinary-ws-pd	ordinary-ws-palatal-diphthongization	later-sc-mutation-product-treatment	distinct	English path	daughter_only	daughter_only	Ordinary pre-mutation process.	Separately described post-mutation product treatment.	Event identity	Campbell1959	68-69	inference	Two layer identities are the defended synthesis; current SC056 bundles their effects.	guest versus sheath	SC056	Identity decomposition requires separate approved implementation; no canonical split has occurred.
b-conventional	conventional-english-breaking	english-short-fronting	english-breaking	before	English path	unresolved	unresolved	Ordinary non-nasal short-a fronting in the conventional account.	Relevant vowel/quantity/context-specific English breaking.	Conventional vowel chain	Versloot2025	104	source_statement	Source reports the Standard Theory as a rival; this row does not adopt the author's replacement model.	original-front positives and restoration controls	SC043/SC044	Whole SC044 bundle is not one universal quantity/dialect law.
b-restoration	conventional-english-breaking	english-breaking	english-a-restoration	before	English path	unresolved	daughter_only	Relevant ordinary breaking under the conventional account.	Restoration before a following back vowel in specified English domains.	Conventional restoration	Hogg1979	90-97	inference	Restored versus never-fronted final outputs are not unique evidence for an earlier fronting event.	fare 2003; original-front negatives	SC044/SC046	Helper-tail domains, dialect and original blocking alternatives remain explicit.
b-anglian-e	versloot-anglian-e	english-mutation	restricted-anglian-e-breaking	before	Anglian English	daughter_only	daughter_only	Mutation creates e in the proposed farmjan etymon.	Restricted later e-breaking, not the entire West Saxon bundle.	Mutation-created vowel	Versloot2025	131-132	inference	Conditional on etymology and reading of feormat; nearby mutation-created e negatives constrain the environment.	feormat versus uuerci/smeruui/teru; source fixtures only	SC055/SC044	Reading/etymology and exact context must be independently verified; no admission or whole-bundle reorder.
b-frisian-mutation	bremmer-frisian-breaking	frisian-mutation	frisian-closed-syllable-breaking	before	Frisian comparison	daughter_only	daughter_only	Frisian mutation under the author's initial-vowel account.	e/i breaking before specified velar clusters in closed syllables.	Frisian breaking	Bremmer2009	33-35	source_statement	Distinct English/Frisian conditioning is preserved; no runtime Frisian test or shared event asserted.	siucht source history; comparative prose only	none	Does not date English rC breaking or every Frisian weakening/deletion.
b-frisian-h	bremmer-frisian-breaking	frisian-medial-h-loss	frisian-closed-syllable-breaking	before	Frisian comparison	daughter_only	daughter_only	Medial h deletion with contraction, not intervocalic chi-to-h weakening.	Specified closed-syllable breaking.	Qualified h chronology	Bremmer2009	35,37	inference	Author argues the opposite order is unlikely; this is conditional preferred ordering, not categorical proof.	siucht versus infinitival si-a source argument	none	Keep loss, weakening, closed-syllable conditioning and evidence strength distinct.
