candidate_id	component	input_domain	node_state	stem_assignment	english_suffix	frisian_suffix	premises	source_key	printed_pages	status
conservative-english	inherited-oral-long	inherited oral long vowel distinct from nasal and secondary long vowels	front long vowel under conventional inherited-back account	compatible_not_proven	later dialect and palatal effects	no complete daughter realization inferred	Retained-front rival changes earlier input history; no SC101 reopening is authorized.	RingeTaylor2014	10-13,170	conditional_working_cut
conservative-english	nasal-long	nasalized long vowels	distinct from inherited oral front long vowel	wider_inheritance_not_exclusive_af	separately dated rounding and merger	separately dated rounding and merger	Nasalization, compensatory lengthening, rounding and merger must not be one event.	Bremmer2009	24-27	conditional_working_cut
conservative-english	stressed-ai	all-context completion of stressed ai	retained ai at this cut	daughter_completion_preferred	ai completes to back long a	independent exact conditioning remains unresolved	Runic reading, etymology, affiliation and grapheme-to-sound premises remain conditional; a limited stem onset is not excluded.	Versloot2017	295-297,318	conditional_working_cut
conservative-english	ordinary-short-fronting	ordinary non-nasal stressed short a	unfronted short a	daughter_under_ai_premise	a fronts with proposed au first-element episode	separate daughter fronting under selected chronology	Daughter-only ai completion precedes ordinary English fronting; diphthong-nucleus premise is disputed.	Campbell1939	90-91	conditional_working_cut
conservative-english	au	inherited au and separately staged glide products	no completed English or Frisian au outcome stipulated	daughter_realization_not_identified	front element and later offglide realization	exact daughter contraction history must be selected	English episode identity does not prove inherited stem identity.	Campbell1939	91,104	conditional_working_cut
conservative-english	glide-reanalysis	source-supported inherited a/e/i plus ww subset	au/eu/iu plus retained w may already be present	wider_pwgmc_inheritance	later English realization and compatible prosody	no Frisian runtime or complete daughter cascade specified	Other quantities and homorganic/j-created classes remain outside the executed subset.	RingeTaylor2014	41-42,65-66	partial_domain_only
conservative-english	palatal-layers	k, singleton fricative g, gg/ng, h and sk separately	no blanket completed assibilation stipulated	unresolved_by_component	class-specific cutoff, merger and later reflexes	class-specific history required	An articulatory tendency, productive cutoff and merger are not one event.	Laker2007	167-168,175-184	unresolved
luick-common-fronting	ordinary-short-fronting	non-nasal short a including proposed diphthong-nucleus participation	fronted short vowel under author's common-process premise	proposed_common_event	subsequent English development	subsequent proposed Frisian development	This cannot be combined with daughter contraction before fronting without re-evaluating the load-bearing ai premise.	Luick1914	130-133	alternative_not_adopted
luick-common-fronting	au	au first component	fronted first element with author's offglide history	proposed_common_event	English later offglide development	tentative assimilation to long a	The proposed Frisian intermediate is conjectural, not an attested state.	Luick1914	130-132	alternative_not_adopted
luick-common-fronting	stressed-ai	author's conjectural fronted-ai intermediate	no completed common back-long output forced	unresolved	possible ae-to-schwa-to-a offglide path	daughter chain not fully specified	Diplomatic conjectural notation is not a ready executable law or new alphabet.	Luick1914	132-133	unresolved
luick-common-fronting	palatal-layers	class/position-specific consonant palatalization	author's community-placement bracket	proposed_common_event	fronting/breaking/back-vowel effects before P, then mutation	independent full daughter constraints still required	Common placement and event identity are premises, not proved by the label; vowel PD is separate.	Luick1914	835-841	alternative_not_adopted
goblirsch-common-au	au	inherited au	proposed fronted diphthong	proposed_common_event	retained diphthong with dialect-specific continuation	stress shift then contraction	Frisian fronted-au and rising intermediates are reconstructed, not directly observed.	Goblirsch1991	17,20-21	alternative_not_adopted
goblirsch-common-au	stressed-ai	ai under author's proposed common outcome	proposed long a	proposed_common_event	English continuation	non-umlaut Frisian e remains problematic	Own account supplies no full obligatory ai/au/fronting partial order; runic objections remain separate.	Goblirsch1991	17-19,21	alternative_not_adopted
goblirsch-common-au	ordinary-short-fronting	ordinary short a	not identified automatically with au-fronting	unresolved_by_component	exact ordinary-a chain not supplied	exact ordinary-a chain not supplied	Author entertains a separate diphthong process; same-event identity is an additional premise.	Goblirsch1991	18-19	unresolved
