fixture_id	row_id	probe	baseline_prediction	variant_prediction	recipe	source_key	printed_pages
adopted-chew-early	1976	after_early	*k*éu*w*a*n*ą	*k*éu*w*a*n*ą	d-adopted-controls	RingeTaylor2014	65-66,173
adopted-dew-early	1989	after_early	*d*áu*w*ō	*d*áu*w*ō	d-adopted-controls	Campbell1959	45-47
adopted-four-early	2029	after_early	*f*éu*w*a*r	*f*éu*w*a*r	d-adopted-controls	RingeTaylor2014	41-42
adopted-hew-early	2074	after_early	*x*áu*w*a*n*ą	*x*áu*w*a*n*ą	d-adopted-controls	RingeTaylor2014	65-66,172
adopted-you-early	2326	after_early	*ᵘ*íu*w*i*z	*ᵘ*íu*w*i*z	d-adopted-controls	RingeTaylor2014	41-42,57-58
adopted-hue-early-negative	2332	after_early	*x*é*w*j*ą	*x*é*w*j*ą	d-adopted-controls	Campbell1959	45-47
adopted-hay-early-negative	2061	after_early	*x*á*w*j*ą	*x*á*w*j*ą	d-adopted-controls	RingeTaylor2014	173
adopted-strew-reconstructed-control	2227	after_early	*s*t*r*á*w*j*a*n*ą	*s*t*r*á*w*j*a*n*ą	d-adopted-controls	RingeTaylor2014	173
adopted-you-before	2326	before_sc098	*ᵘ*íu*w*i	*ᵘ*íu*w*i	d-adopted-controls	RingeTaylor2014	41-42,57-58
adopted-you-after	2326	after_sc098	*íu*w	*íu*w	d-adopted-controls	RingeTaylor2014	41-42,57-58
adopted-you-completion	2326	after_sc032	*ēo*w	*ēo*w	d-adopted-controls	RingeTaylor2014	173-175
adopted-dew-completion	1989	after_sc032	*d*ēa*w*u	*d*ēa*w*u	d-adopted-controls	Campbell1959	45-47
adopted-hew-completion	2074	after_sc032	*x*ēa*w*a*n*ą	*x*ēa*w*a*n*ą	d-adopted-controls	RingeTaylor2014	172
adopted-hue-late-before	2332	before_sc031	*x*ēo*w*w*j*ą	*x*ēo*w*w*j*ą	d-adopted-controls	Campbell1959	45-47
adopted-hue-late-after	2332	after_sc031	*x*ēo*w*j*ą	*x*ēo*w*j*ą	d-adopted-controls	Campbell1959	45-47
adopted-knee-singleton	2085	after_sc033	*k*n*ēo*w*ą	*k*n*ēo*w*ą	d-adopted-controls	RingeTaylor2014	174
adopted-gift-before	2040	before_ordinary	*ʤ*í*f*t*i	*ʤ*í*f*t*i	d-adopted-controls	Ringe2017	135,151-153
adopted-gift-ordinary	2040	after_ordinary	*ʤ*í*f*t*i	*ʤ*í*f*t*i	d-adopted-controls	Ringe2017	135,151-153
adopted-gift-mutation	2040	after_mutation	*ʤ*í*f*t*i	*ʤ*í*f*t*i	d-adopted-controls	RingeTaylor2014	220
adopted-gift-late	2040	after_late	*ʤ*í*f*t*i	*ʤ*í*f*t*i	d-adopted-controls	RingeTaylor2014	220,235
adopted-guest-before	2049	before_ordinary	*ʤ*æ*s*t*i	*ʤ*æ*s*t*i	d-adopted-controls	RingeTaylor2014	215-217
adopted-guest-ordinary	2049	after_ordinary	*ʤ*ea*s*t*i	*ʤ*ea*s*t*i	d-adopted-controls	RingeTaylor2014	215-217
adopted-guest-mutation	2049	after_mutation	*ʤ*ie*s*t*i	*ʤ*ie*s*t*i	d-adopted-controls	RingeTaylor2014	222
adopted-guest-late	2049	after_late	*ʤ*ie*s*t*i	*ʤ*ie*s*t*i	d-adopted-controls	RingeTaylor2014	235
adopted-sheath-before	2178	before_ordinary	*ʃ*ā*θ*i	*ʃ*ā*θ*i	d-adopted-controls	Campbell1959	68-69
adopted-sheath-ordinary	2178	after_ordinary	*ʃ*ā*θ*i	*ʃ*ā*θ*i	d-adopted-controls	Campbell1959	68-69
adopted-sheath-mutation	2178	after_mutation	*ʃ*ǣ*θ*i	*ʃ*ǣ*θ*i	d-adopted-controls	RingeTaylor2014	235
adopted-sheath-late	2178	after_late	*ʃ*ēa*θ*i	*ʃ*ēa*θ*i	d-adopted-controls	RingeTaylor2014	235
