fixture_id	row_id	family	selected_input	input_stage	normalized_input	target	target_status	witness_role	probe	baseline_prediction	variant_prediction	recipe	source_key	printed_pages	readiness
d-chew	1976	D	*kéwwaną	pgmc	kéwwaną	ċēowan	corpus_regular	early_front_vowel_ww	after_early_reanalysis	*k*é*w*w*a*n*ą	*k*éu*w*a*n*ą	d-aei-ww	RingeTaylor2014	41-42,171-173	experiment_checked_subset_not_production
d-dew	1989	D	*dáwwō	pgmc	dáwwō	dēaw	corpus_regular	early_a_ww_quantity_control	after_early_reanalysis	*d*á*w*w*ō	*d*áu*w*ō	d-aei-ww	RingeTaylor2014	65-66,171-173	experiment_checked_subset_not_production
d-four	2029	D	*fédwōr	pgmc	fédwōr	fēower	corpus_regular	coronal_assimilation_feeds_reanalysis	after_early_reanalysis	*f*é*w*w*a*r	*f*éu*w*a*r	d-aei-ww	RingeTaylor2014	41-42,65-66	experiment_checked_subset_not_production
d-hew	2074	D	*xáwwaną	pgmc	xáwwaną	hēawan	corpus_regular	early_a_ww_inherited_control	after_early_reanalysis	*x*á*w*w*a*n*ą	*x*áu*w*a*n*ą	d-aei-ww	RingeTaylor2014	65-66,171-173	experiment_checked_subset_not_production
d-you-reanalysis	2326	D	*ízwiz	pgmc	ízwiz	ēow	corpus_regular	unstressed_word_proxy_dependency	after_early_reanalysis	*í*w*w*i*z	*íu*w*i*z	d-aei-ww	RingeTaylor2014	41-42,57-58	experiment_checked_subset_not_production
d-you-apocope-control	2326	D	*ízwiz	pgmc	ízwiz	ēow	corpus_regular	technical_representation_control_not_historical_condition	after_sc098	*í*w*w	*íu*w	d-aei-ww-proxy-control	RingeTaylor2014	41-42,57-58	technical_control_not_production
d-hue-later-j	2332	D	*xéwją	pgmc	xéwją	hīew	corpus_regular	later_j_gemination_negative	after_early_reanalysis	*x*é*w*j*ą	*x*é*w*j*ą	d-aei-ww	Campbell1959	46	experiment_checked_subset_not_production
d-hay-later-j	2061	D	*xáwją	pgmc	xáwją	hīeġ	corpus_regular	later_awj_negative	after_early_reanalysis	*x*á*w*j*ą	*x*á*w*j*ą	d-aei-ww	Campbell1959	46	experiment_checked_subset_not_production
d-strew-later-j	2227	D	*stráwjaną	pgmc	stráwjaną	strīeġan	reconstructed_oe	later_awj_negative_not_attested_positive	after_early_reanalysis	*s*t*r*á*w*j*a*n*ą	*s*t*r*á*w*j*a*n*ą	d-aei-ww	Campbell1959	46	experiment_checked_subset_not_production
a-stone	2220	A	*stáinaz	pgmc	stáinaz	stān	corpus_regular	incumbent_stressed_ai_positive	after_sc004	*s*t*ā*n*a	*s*t*ā*n*a	identity	RingeTaylor2014	170-171	incumbent_diagnostic_not_historical_adoption
a-sheep	2179	A	*skḗpą	pgmc	skḗpą	sċēap	corpus_regular	inherited_long_negative_for_ai	after_sc004	*s*k*ǣ*p*ą	*s*k*ǣ*p*ą	identity	RingeTaylor2014	170-171	incumbent_diagnostic_not_historical_adoption
f-day	1985	F	*dágaz	pgmc	dágaz	dæġ	corpus_regular	incumbent_stressed_short_positive	after_sc043	*d*æ*g	*d*æ*g	identity	Campbell1939	90-91	incumbent_diagnostic_not_historical_adoption
f-land	2089	F	*lándą	pgmc	lándą	land	corpus_regular	nasal_blocking_negative	after_sc043	*l*á*n*d*ą	*l*á*n*d*ą	identity	Campbell1959	52	incumbent_diagnostic_not_historical_adoption
b-heart	2065	B	*xértōn	pgmc	xértōn	heorte	corpus_regular	incumbent_e_breaking_before_r_cluster	after_sc044	*x*éo*r*t*ǭ	*x*éo*r*t*ǭ	identity	RingeTaylor2014	182	incumbent_diagnostic_not_historical_adoption
b-fare	2003	B	*fáraną	pgmc	fáraną	faran	corpus_regular	incumbent_restoration_before_back_tail	after_sc046	*f*a*r*a*n*ą	*f*a*r*a*n*ą	identity	Hogg1979	90-97	incumbent_diagnostic_not_historical_adoption
p-day	1985	P	*dágaz	pgmc	dágaz	dæġ	corpus_regular	incumbent_final_g_marker_not_merger_proof	after_sc052	*d*æ*ʤ	*d*æ*ʤ	identity	Hogg1979	103-110	incumbent_diagnostic_not_historical_adoption
p-fish	2014	P	*fískaz	pgmc	fískaz	fisċ	corpus_regular	incumbent_sk_positive	after_sc051	*f*í*ʃ	*f*í*ʃ	identity	RingeTaylor2014	203-204	incumbent_diagnostic_not_historical_adoption
p-cow	1980	P	*kūi	pgmc	kūi	cȳ	corpus_regular	later_mutation_front_not_original_trigger	after_sc052	*k*ū*i	*k*ū*i	identity	Hogg1979	102-104	incumbent_diagnostic_paradigm_cell_not_historical_adoption
p-lung	2114	P	*lúnganjō	pgmc	lúnganjō	lungen	corpus_regular	incumbent_ng_negative_with_later_j	after_sc052	*l*ú*n*g*a*n*n*j*u	*l*ú*n*g*a*n*n*j*u	identity	Hogg1979	102-110	incumbent_diagnostic_paradigm_cell_not_historical_adoption
u-guest-mutation	2049	U	*gástiz	pgmc	gástiz	ġiest	corpus_regular	incumbent_simple_vowel_mutation_exposes_serialization	after_sc055	*ʤ*e*s*t*i	*ʤ*e*s*t*i	identity	RingeTaylor2014	216,287	incumbent_diagnostic_not_source_supported_chronology
u-guest-pd	2049	U	*gástiz	pgmc	gástiz	ġiest	corpus_regular	incumbent_late_pd_exposes_serialization	after_sc056	*ʤ*ie*s*t*i	*ʤ*ie*s*t*i	identity	RingeTaylor2014	216,287	incumbent_diagnostic_not_source_supported_chronology
u-sheath-mutation	2178	U	*skáiθiz	pgmc	skáiθiz	sċēaþ	corpus_regular	ai_derived_long_mutation_product	after_sc055	*ʃ*ǣ*θ*i	*ʃ*ǣ*θ*i	identity	RingeTaylor2014	235	incumbent_diagnostic_not_full_late_sc_conditioner
u-sheath-pd	2178	U	*skáiθiz	pgmc	skáiθiz	sċēaþ	corpus_regular	incumbent_late_sc_output	after_sc056	*ʃ*ēa*θ*i	*ʃ*ēa*θ*i	identity	Campbell1959	68-69	incumbent_diagnostic_not_full_late_sc_conditioner
u-sheep	2179	U	*skḗpą	pgmc	skḗpą	sċēap	corpus_regular	ordinary_pd_without_mutation_trigger	after_sc056	*ʃ*ēa*p	*ʃ*ēa*p	identity	RingeTaylor2014	216	incumbent_diagnostic_not_historical_adoption
u-gift	2040	U	*géftiz	pgmc	géftiz	ġift	selected_input_under_review	incumbent_late_raising_not_early_reconstruction_proof	after_sc055	*ʤ*i*f*t*i	*ʤ*i*f*t*i	identity	Ringe2017	135,151-153	incumbent_diagnostic_input_claim_not_endorsed
u-gift-source-before	2040	U	*géftiz	pgmc	géftiz	ġift	selected_input_under_review	private_pgmc_input_early_i	before_sc055	*ʤ*é*f*t*i	*ʤ*í*f*t*i	u-gift-input	Ringe2017	135,151-153	private_input_trial_not_endorsed_as_canonical
u-gift-source-after	2040	U	*géftiz	pgmc	géftiz	ġift	selected_input_under_review	private_pgmc_input_no_late_raising	after_sc055	*ʤ*i*f*t*i	*ʤ*í*f*t*i	u-gift-input	Ringe2017	135,151-153	private_input_trial_not_endorsed_as_canonical
u-ordinary-guest-before	2049	U	*gástiz	pgmc	gástiz	ġiest	corpus_regular	source_ordinary_pd_before_mutation	before_sc055	*ʤ*æ*s*t*i	*ʤ*ea*s*t*i	u-ordinary	RingeTaylor2014	216	private_source_order_trial_not_production
u-ordinary-guest-after	2049	U	*gástiz	pgmc	gástiz	ġiest	corpus_regular	source_diphthong_mutation	after_sc055	*ʤ*e*s*t*i	*ʤ*ie*s*t*i	u-ordinary	RingeTaylor2014	216,222	private_source_order_trial_not_production
u-ordinary-sheath-mutation	2178	U	*skáiθiz	pgmc	skáiθiz	sċēaþ	corpus_regular	retained_late_proxy_mutation_control	after_sc055	*ʃ*ǣ*θ*i	*ʃ*ǣ*θ*i	u-ordinary	RingeTaylor2014	235	retained_proxy_not_full_late_conditioner
u-ordinary-sheath-late	2178	U	*skáiθiz	pgmc	skáiθiz	sċēaþ	corpus_regular	retained_late_proxy_output_control	after_sc056	*ʃ*ēa*θ*i	*ʃ*ēa*θ*i	u-ordinary	RingeTaylor2014	235	retained_proxy_not_full_late_conditioner
u-ordinary-gift-diagnostic	2040	U	*géftiz	pgmc	géftiz	ġift	selected_input_under_review	old_input_exposes_missing_early_raising	after_sc055	*ʤ*i*f*t*i	*ʤ*íe*f*t*i	u-ordinary	Ringe2017	135,151-153	diagnostic_input_claim_not_endorsed
u-combined-guest-before	2049	U	*gástiz	pgmc	gástiz	ġiest	corpus_regular	source_ordinary_pd_before_mutation	before_sc055	*ʤ*æ*s*t*i	*ʤ*ea*s*t*i	u-ordinary-gift	RingeTaylor2014	216	private_source_order_trial_not_production
u-combined-guest-after	2049	U	*gástiz	pgmc	gástiz	ġiest	corpus_regular	source_diphthong_mutation	after_sc055	*ʤ*e*s*t*i	*ʤ*ie*s*t*i	u-ordinary-gift	RingeTaylor2014	216,222	private_source_order_trial_not_production
u-combined-sheath	2178	U	*skáiθiz	pgmc	skáiθiz	sċēaþ	corpus_regular	retained_late_proxy_output_control	after_sc056	*ʃ*ēa*θ*i	*ʃ*ēa*θ*i	u-ordinary-gift	RingeTaylor2014	235	retained_proxy_not_full_late_conditioner
u-combined-gift	2040	U	*géftiz	pgmc	géftiz	ġift	selected_input_under_review	private_pgmc_input_ordinary_pd_negative	before_sc055	*ʤ*é*f*t*i	*ʤ*í*f*t*i	u-ordinary-gift	Ringe2017	135,151-153	private_input_trial_not_endorsed_as_canonical
u-combined-give	2041	U	*gébaną	pgmc	gébaną	ġiefan	corpus_regular	original_short_e_positive	before_sc055	*ʤ*é*β*ą*n	*ʤ*íe*β*ą*n	u-ordinary-gift	RingeTaylor2014	215	private_source_order_trial_not_production
u-combined-shaft	2175	U	*skáftą	pgmc	skáftą	sċeaft	corpus_regular	original_short_front_positive	before_sc055	*ʃ*æ*f*t	*ʃ*ea*f*t	u-ordinary-gift	RingeTaylor2014	216	private_source_order_trial_not_production
u-combined-shear	2177	U	*skéraną	pgmc	skéraną	sċieran	corpus_regular	original_short_e_positive	before_sc055	*ʃ*é*r*ą*n	*ʃ*íe*r*ą*n	u-ordinary-gift	RingeTaylor2014	216	private_source_order_trial_not_production
u-combined-sheep	2179	U	*skḗpą	pgmc	skḗpą	sċēap	corpus_regular	original_long_front_positive	before_sc055	*ʃ*ǣ*p	*ʃ*ēa*p	u-ordinary-gift	RingeTaylor2014	216	private_source_order_trial_not_production
u-combined-shield	2180	U	*skélduz	pgmc	skélduz	sċield	corpus_regular	original_short_e_positive	before_sc055	*ʃ*é*l*d*u	*ʃ*íe*l*d*u	u-ordinary-gift	RingeTaylor2014	216	private_source_order_trial_not_production
u-combined-year	2306	U	*jḗrą	pgmc	jḗrą	ġēar	corpus_regular	inherited_j_original_long_front_positive	before_sc055	*j*ǣ*r	*j*ēa*r	u-ordinary-gift	RingeTaylor2014	216	private_source_order_trial_not_production
