row_id	original_guard	current_guard	original_basis	live_note_checked_in_this_bounded_audit	sidecar_evidence_checked_in_this_bounded_audit	audit_limit
1942	beech tree, not automatically book bōc	beech tree, not automatically book bōc	Task identity cautions and/or corpus inventory concept/target plus grammatical/source-paradigm inference; no original per-row NOTE/sidecar trace.	Kroonen *bōk(j)ō- f. > OE bōc (nom.sg.); bēċe is oblique form		Current NOTE/sidecar evidence is not retroactive proof of the original guard's provenance. Only cow1980 metadata is amended.
1947	offer bēodan, not ask biddan; '-' is absent selected target, not absent identity	offer bēodan, not ask biddan; '-' is absent selected target, not absent identity	Task identity cautions and/or corpus inventory concept/target plus grammatical/source-paradigm inference; no original per-row NOTE/sidecar trace.			Current NOTE/sidecar evidence is not retroactive proof of the original guard's provenance. Only cow1980 metadata is amended.
1948	ask biddan, not offer bēodan; '-' is absent selected target, not absent identity	ask biddan, not offer bēodan; '-' is absent selected target, not absent identity	Task identity cautions and/or corpus inventory concept/target plus grammatical/source-paradigm inference; no original per-row NOTE/sidecar trace.			Current NOTE/sidecar evidence is not retroactive proof of the original guard's provenance. Only cow1980 metadata is amended.
1978	comb noun, cemban only a family comparandum	comb noun, cemban only a family comparandum	Task identity cautions and/or corpus inventory concept/target plus grammatical/source-paradigm inference; no original per-row NOTE/sidecar trace.			Current NOTE/sidecar evidence is not retroactive proof of the original guard's provenance. Only cow1980 metadata is amended.
1980	selected cȳ plural, not source cū nominative	selected DAT.SG cȳ (< *kūi), not source cū nominative	Unsupported surface-form inference: cȳ was assumed plural; no NOTE/sidecar selection check.	Root noun *kō- ~ *kū- (Kroonen): nom. *kōz, obl. *kū-. OE leveled zero-grade *kū- to all cases; dat.sg. cȳ < *kūi is lautgesetzlich.	Root noun *kō- ~ *kū- (Kroonen): nom. *kōz, obl. *kū-. OE leveled zero-grade *kū- to all cases; dat.sg. cȳ < *kūi is lautgesetzlich.	Current NOTE/sidecar evidence is not retroactive proof of the original guard's provenance. Only cow1980 metadata is amended.
2011	selected fundene participle, not findan infinitive	selected fundene participle, not findan infinitive	Explicit task selected-cell instruction; original builder did not load corpus NOTE/sidecar.	"Paradigm-cell acc.sg.m. of strong past ptc, attested (Bosworth-Toller s.v. findan: ""Beón i hergeata ww fundene, 414, 4 note""; cf. Hall s.v. tō-fundennes). Regular Verner *ð → *d, intervocalic *n triggers medial fronting *-an- → *-en-, bimoric *-ǭ → -e. Nom.sg. funden is analogical (Campbell §334, Luick §301,3, Brunner §366 Anm. 3). See DEV_NOTES §17.10.30–32."	"Paradigm-cell acc.sg.m. of strong past ptc, attested (Bosworth-Toller s.v. findan: ""Beón i hergeata ww fundene, 414, 4 note""; cf. Hall s.v. tō-fundennes). Regul"	Current NOTE/sidecar evidence is not retroactive proof of the original guard's provenance. Only cow1980 metadata is amended.
2013	selected fȳre dative, not fȳr citation	selected fȳre dative, not fȳr citation	Task identity cautions and/or corpus inventory concept/target plus grammatical/source-paradigm inference; no original per-row NOTE/sidecar trace.	ANALOGICAL: Proto dat.sg. *fūri triggers i-umlaut; final *-i apocopated after heavy syllable → fȳr. Attested fȳre has -e analogically restored by proportion with regular a-stems (word:worde::fȳr:fȳre). FST correctly produces endingless fȳr.		Current NOTE/sidecar evidence is not retroactive proof of the original guard's provenance. Only cow1980 metadata is amended.
2040	selected ġift, not giefu paradigm	selected ġift, not giefu paradigm	Task identity cautions and/or corpus inventory concept/target plus grammatical/source-paradigm inference; no original per-row NOTE/sidecar trace.	PGmc input follows Ringe 2017 p.135, pp.151-153; CAPR acute marks root stress. Published e-forms retained and discussed: Orel 2003 p.130; Kluge-Seebold 2011 p.359; Bammesberger 1990 pp.142-143; Seebold 1970 pp.35-36,218. Earlier raising is not late OE i-mutation; see sc056-ordinary-palatal-diphthongization-adjudication.md and gift model entry.		Current NOTE/sidecar evidence is not retroactive proof of the original guard's provenance. Only cow1980 metadata is amended.
2058	selected hæfeþ finite3sg, not habban infinitive or automatically hæfð	selected hæfeþ finite3sg, not habban infinitive or automatically hæfð	Task identity cautions and/or corpus inventory concept/target plus grammatical/source-paradigm inference; no original per-row NOTE/sidecar trace.	3sg pres. indic. (lautgesetzlich); inf. habban is analogical (umlaut leveled, Fulk §12.47)	3sg pres. indic. (lautgesetzlich); inf. habban is analogical (umlaut leveled, Fulk §12.47)	Current NOTE/sidecar evidence is not retroactive proof of the original guard's provenance. Only cow1980 metadata is amended.
2085	selected cneowe dative, not kniu nominative/accusative	selected cneowe dative, not kniu nominative/accusative	Explicit task selected-cell instruction; original builder did not load corpus NOTE/sidecar.	Regular dat.sg. *knéwai > cneowe; citation *knéwą retained. Short pre-ending stem contrasts with endingless cnēo and restored w in cnēow (Campbell 1959 pp.232-233; Hogg 2011 pp.21-22,86; Ringe-Taylor 2014 p.387). Dative ending follows Fulk 2018 p.147.	Selected dat.sg. *knéwai > short cneowe; citation neuter *knéwą retained (Ringe-Taylor 2014 p.387). Cell and quantity: Hogg 2011 pp.21-22,86; Campbell 1959 p.233; Luick p.139. Preferred PGmc -ai analysis: Fulk 2018 p.147. Not a post-PGmc transponent; confidence is independent of stage.	Current NOTE/sidecar evidence is not retroactive proof of the original guard's provenance. Only cow1980 metadata is amended.
2107	selected lifeþ finite3sg, not automatically libban or leofað	selected lifeþ finite3sg, not automatically libban or leofað	Task identity cautions and/or corpus inventory concept/target plus grammatical/source-paradigm inference; no original per-row NOTE/sidecar trace.	3sg pres. indic. (archaic North. lifed); infinitive libban shows j-gemination from *libjăną stem, not *-ē- stem	3sg pres. indic. (archaic North. lifed); infinitive libban shows j-gemination from *libjăną stem, not *-ē- stem	Current NOTE/sidecar evidence is not retroactive proof of the original guard's provenance. Only cow1980 metadata is amended.
2119	selected mannes genitive, not mann nominative and not wer	selected mannes genitive, not mann nominative and not wer	Explicit task selected-cell instruction; original builder did not load corpus NOTE/sidecar.	Gen.sg. paradigm cell: *mannas → mannes. Word-final geminates are phonologically simplified (Kurath 1956, Brunner §231); using gen.sg. preserves medial geminate orthographically.	Gen.sg. paradigm cell: *mannas → mannes. Word-final geminates are phonologically simplified (Kurath 1956, Brunner §231); using gen.sg. preserves medial geminate	Current NOTE/sidecar evidence is not retroactive proof of the original guard's provenance. Only cow1980 metadata is amended.
2122	mǣl time, not melu flour	mǣl time, not melu flour	Task identity cautions and/or corpus inventory concept/target plus grammatical/source-paradigm inference; no original per-row NOTE/sidecar trace.			Current NOTE/sidecar evidence is not retroactive proof of the original guard's provenance. Only cow1980 metadata is amended.
2161	run rinnan, not hlaupan leap	run rinnan, not hlaupan leap	Task identity cautions and/or corpus inventory concept/target plus grammatical/source-paradigm inference; no original per-row NOTE/sidecar trace.			Current NOTE/sidecar evidence is not retroactive proof of the original guard's provenance. Only cow1980 metadata is amended.
2184	selected scēaf preterite, not scūfan/scēofan infinitive	selected scēaf preterite, not scūfan/scēofan infinitive	Task identity cautions and/or corpus inventory concept/target plus grammatical/source-paradigm inference; no original per-row NOTE/sidecar trace.	1/3 sg pret. of *sċūfan 'to shove, push' (class II strong). Retargeted from 3pl pret. *skúbun → sċufon (analogical-overlay) per DEV_NOTES §17.51.A1.4 and dossiers/bugan-scufan-paradigm-cell-review.md: 1/3 sg pret. is genuinely Lautgesetzlich (rules *au > ēa, *sk- > sċ-, *-b- final devoicing > -f) and corpus-attested (Bosworth-Toller s.v. sċūfan; Ælfric Catholic Homilies). The present infinitive sċūfan has analogical ū back-formed from this sg.-pret. stem (Campbell §740).	1/3 sg pret. of *sċūfan 'to shove, push' (class II strong). Retargeted from 3pl pret. *skúbun → sċufon (analogical-overlay) per DEV_NOTES §17.51.A1.4 and dossie	Current NOTE/sidecar evidence is not retroactive proof of the original guard's provenance. Only cow1980 metadata is amended.
2256	tick ticca, not ticcen kid	tick ticca, not ticcen kid	Task identity cautions and/or corpus inventory concept/target plus grammatical/source-paradigm inference; no original per-row NOTE/sidecar trace.			Current NOTE/sidecar evidence is not retroactive proof of the original guard's provenance. Only cow1980 metadata is amended.
2258	timber noun, not timbran verb selected cell	timber noun, not timbran verb selected cell	Task identity cautions and/or corpus inventory concept/target plus grammatical/source-paradigm inference; no original per-row NOTE/sidecar trace.	Kroonen *timbra- with *b; OE timber.	Kroonen *timbra- with *b; OE timber.	Current NOTE/sidecar evidence is not retroactive proof of the original guard's provenance. Only cow1980 metadata is amended.
2292	willan wanting verb, not weallan boiling	willan wanting verb, not weallan boiling	Task identity cautions and/or corpus inventory concept/target plus grammatical/source-paradigm inference; no original per-row NOTE/sidecar trace.			Current NOTE/sidecar evidence is not retroactive proof of the original guard's provenance. Only cow1980 metadata is amended.
2293	willa volition noun, not verb willan or weallan	willa volition noun, not verb willan or weallan	Task identity cautions and/or corpus inventory concept/target plus grammatical/source-paradigm inference; no original per-row NOTE/sidecar trace.	Kroonen *weljan- 2 m. 'will, wish' → OE willa m.; cf. G Wille, Du. wil (noun); willan is the verb 'to want' (belongs with *waljăną)		Current NOTE/sidecar evidence is not retroactive proof of the original guard's provenance. Only cow1980 metadata is amended.
2294	windan verb, not wind noun	windan verb, not wind noun	Task identity cautions and/or corpus inventory concept/target plus grammatical/source-paradigm inference; no original per-row NOTE/sidecar trace.	OE target: wind→windan (inf. of str.v. class III 'to wind, turn')		Current NOTE/sidecar evidence is not retroactive proof of the original guard's provenance. Only cow1980 metadata is amended.
2326	ēow dative plural, not accusative ēowic	ēow dative plural, not accusative ēowic	Task identity cautions and/or corpus inventory concept/target plus grammatical/source-paradigm inference; no original per-row NOTE/sidecar trace.	Second-person plural pronoun, dat.(-acc.) pl. PGmc *izwiz (Goth. izwis) > *iwwi by coronal-w assimilation (SC008; R/T 2014 pp.41-42), then early inherited-glide reanalysis (SC031) > *iuwi. Selected weak-final context at SC098 gives *iuw by heavy-syllable apocope before mutation (R/T 2014 pp.55,57-58); lexical accent does not encode sentence stress. Later English realization uses SC032, not SC033. WS ēow beside eWS/Nb īow: Campbell 1959 §702 p.283 note. The context annotation is separate from PROTO/PROTOFORM; the retained-i terminal counterfactual is model-only, not an attested strong spelling.		Current NOTE/sidecar evidence is not retroactive proof of the original guard's provenance. Only cow1980 metadata is amended.
2328	sow sāwan verb, not sow animal	sow sāwan verb, not sow animal	Task identity cautions and/or corpus inventory concept/target plus grammatical/source-paradigm inference; no original per-row NOTE/sidecar trace.	Strong verb class VII (verba pura) 'to sow', PGmc *sēaną (Goth. saian) > PNWGmc *sāaną by SC024 (R/T 2014: 12) > WS/Merc./Kent. sāwan (North. sāwa). The WGmc forms exhibit innovative hiatus-filling consonants (Þórhallsdóttir 1993: 82-137): OE inserted *w — regular first between the stressed stem vowel and the *u-initial endings (pres.ind.1sg *-u, pres.ind.1pl *-um, redupl.pret.pl. *-um/*-uþ/*-un), then analogically generalized through the whole present paradigm and the pret.ptc., assisted by the pret. stem *seuw(un) and by etymological-*w verbs such as flōwan (Þórhallsdóttir 1993: 120, 126-27, 136, read directly; reported at R/T 2014: 151). The infinitive is NOT one of the cells that receives *w phonologically, so the *w of the citation form sāwan is analogical; OS and OHG instead used *j (OS sājan, OHG sāen; Tatian sāwen shows both). The *w arose early enough to prevent fronting (SC102 before SC101): fronting never occurred before *w plus a back/nonhigh vowel (R/T 2014: 151; Hogg 1992: 81 [2011: 79]) — hence sāwan, not *sǣwan. Same class: wāwan, cnāwan, māwan, þrāwan, blāwan (R/T 2014: 151); recorded but not added (diagnostic coverage, not corpus padding).		Current NOTE/sidecar evidence is not retroactive proof of the original guard's provenance. Only cow1980 metadata is amended.
2330	selected þōhte preterite, not þencan infinitive	selected þōhte preterite, not þencan infinitive	Task identity cautions and/or corpus inventory concept/target plus grammatical/source-paradigm inference; no original per-row NOTE/sidecar trace.	"Class I weak preterite 3sg 'thought', paradigm cell of þenċan (CONCEPT 'think', PGmc *þankijaną, row 2248). Principal parts PGmc *þankijaną, *þanhtē, *þanhtaz (Ringe 2017: 281; the preterite/participle stem *þanh- also at Ringe 2017: 136, §3.2.4(iv), where PGmc *þanhtaz 'thought' is reconstructed with the nasal still intact before *h). Entered at the PGmc stage with the nasal present (*θánxtē) so that the nasal loss is derived, not assumed. Diagnostic value: this is the low-vowel (*aNx) branch of SC103 PGmcNasalLossBeforeX, which yields nasalized *ą̄ (transducer {*ã}); SC104 EAFNasalizedLowRounding then rounds it to *ō, giving OE þōhte. Fulk 2018 §4.1 p. 55 names exactly this form: the lengthened nasalized *ą̄ 'developed to ō in Anglo-Frisian (as in OE pret. sg. þōhte, OFris. thochte ""thought"") and did not fall together with OE ā < ai'. Contrast the existing SC103 witness fist (*fúnxstiz), whose input vowel is *u and which additionally runs through the *xst cluster; thought isolates the SC103 -> SC104 low-vowel path."		Current NOTE/sidecar evidence is not retroactive proof of the original guard's provenance. Only cow1980 metadata is amended.
