physical_sheet	printed_page	evidence_id	image	checked	limits
60	43	fulk-complete-sit-p43	original-sheet060.png	glyph_and_folio	p43 is an unnumbered chapter opener; contiguous printed42/44 and contents establish43.
65	48	fulk-complete-meal-pie-root	original-sheet065.png	glyph_and_folio	
81	64	fulk-complete-bow-p64	original-sheet081.png	glyph_and_folio	
81	64	fulk-complete-book-plural-p64	original-sheet081.png	glyph_and_folio	
81	64	fulk-complete-set-p64	original-sheet081.png	glyph_and_folio	
89	72	fulk-complete-strew-alternative	original-sheet089.png	glyph_and_folio	
89	72	fulk-complete-cow-root-p72	original-sheet089.png	glyph_and_folio	
130	113	fulk-complete-run-p113	original-sheet130.png	glyph_and_folio	
131	114	fulk-complete-learn-stem-p114	original-sheet131.png	glyph_and_folio	
131	114	fulk-complete-bosom-stem-p114	original-sheet131.png	glyph_and_folio	
183	166	fulk-complete-man-selected-genitive	original-sheet183.png	glyph_and_folio	
183	166	fulk-complete-man-reported-genitive	original-sheet183.png	glyph_and_folio	
197	180	fulk-complete-fire-oe-citation	original-sheet197.png	glyph_and_folio	
197	180	fulk-complete-water-oe-citation	original-sheet197.png	glyph_and_folio	
204	187	fulk-complete-you-pgmc-proposal	original-sheet204.png	glyph_and_folio	
204	187	fulk-complete-you-wgmc-endpoint	original-sheet204.png	glyph_and_folio	
219	202	fulk-complete-who-pgmc	original-sheet219.png	glyph_and_folio	
241	224	fulk-complete-three-pgmc	original-sheet241.png	glyph_and_folio	
241	224	fulk-complete-four-stiles-nomacc	original-sheet241.png	glyph_and_folio	
241	224	fulk-complete-four-stiles-genitive	original-sheet241.png	glyph_and_folio	
241	224	fulk-complete-four-stiles-dative	original-sheet241.png	glyph_and_folio	
243	226	fulk-complete-six-boutkan	original-sheet243.png	glyph_and_folio	
243	226	fulk-complete-seven-pgmc	original-sheet243.png	glyph_and_folio	
243	226	fulk-complete-nine-stem	original-sheet243.png	glyph_and_folio	
243	226	fulk-complete-nine-euler-reported	original-sheet243.png	glyph_and_folio	
249	232	fulk-complete-thousand-stem	original-sheet249.png	glyph_and_folio	
270	253	fulk-complete-deed-accented-stem	original-sheet270.png	glyph_and_folio	
270	253	fulk-complete-flood-accented-stem	original-sheet270.png	glyph_and_folio	
270	253	fulk-complete-tide-accented-stem	original-sheet270.png	glyph_and_folio	
306	289	fulk-complete-eat-infinitive	original-sheet306.png	glyph_and_folio	
312	295	fulk-complete-sit-e-citation	original-sheet312.png	glyph_and_folio	
326	309	fulk-complete-have-oe-3sg	original-sheet326.png	glyph_and_folio	
329	312	fulk-complete-have-ingvaeonic-3sg	original-sheet329.png	glyph_and_folio	
329	312	fulk-complete-live-oe-3sg	original-sheet329.png	glyph_and_folio	
346	329	fulk-complete-will-bammesberger-wal	original-sheet346.png	glyph_and_folio	
346	329	fulk-complete-will-bammesberger-wul	original-sheet346.png	glyph_and_folio	
403	386	fulk-complete-index-one	original-sheet403.png	glyph_and_folio	
403	386	fulk-complete-index-one-i-stem	original-sheet403.png	glyph_and_folio	
403	386	fulk-complete-index-beaver	original-sheet403.png	glyph_and_folio	
403	386	fulk-complete-index-offer	original-sheet403.png	glyph_and_folio	
403	386	fulk-complete-index-both-stem	original-sheet403.png	glyph_and_folio	
403	386	fulk-complete-index-break-stem	original-sheet403.png	glyph_and_folio	
403	386	fulk-complete-index-break-participle	original-sheet403.png	glyph_and_folio	
403	386	fulk-complete-index-bride	original-sheet403.png	glyph_and_folio	
403	386	fulk-complete-index-brook-3sg	original-sheet403.png	glyph_and_folio	
403	386	fulk-complete-index-day	original-sheet403.png	glyph_and_folio	
403	386	fulk-complete-index-day-acc	original-sheet403.png	glyph_and_folio	
403	386	fulk-complete-index-day-plural	original-sheet403.png	glyph_and_folio	
403	386	fulk-complete-index-deal	original-sheet403.png	glyph_and_folio	
403	386	fulk-complete-index-deer	original-sheet403.png	glyph_and_folio	
403	386	fulk-complete-index-deer-finnish-comparandum	original-sheet403.png	glyph_and_folio	
404	387	fulk-complete-index-do-infinitive	original-sheet404.png	glyph_and_folio	
404	387	fulk-complete-index-do-2sg	original-sheet404.png	glyph_and_folio	
404	387	fulk-complete-index-father	original-sheet404.png	glyph_and_folio	
404	387	fulk-complete-index-father-stem	original-sheet404.png	glyph_and_folio	
404	387	fulk-complete-index-fare-infinitive	original-sheet404.png	glyph_and_folio	
404	387	fulk-complete-index-fare-3sg	original-sheet404.png	glyph_and_folio	
404	387	fulk-complete-index-fell-infix	original-sheet404.png	glyph_and_folio	
404	387	fulk-complete-index-fell-stem	original-sheet404.png	glyph_and_folio	
404	387	fulk-complete-index-fight	original-sheet404.png	glyph_and_folio	
404	387	fulk-complete-index-fee	original-sheet404.png	glyph_and_folio	
404	387	fulk-complete-index-fly-preterite	original-sheet404.png	glyph_and_folio	
404	387	fulk-complete-index-fly-finite	original-sheet404.png	glyph_and_folio	
404	387	fulk-complete-index-freeze	original-sheet404.png	glyph_and_folio	
404	387	fulk-complete-index-friend-stem	original-sheet404.png	glyph_and_folio	
404	387	fulk-complete-index-fist	original-sheet404.png	glyph_and_folio	
404	387	fulk-complete-index-fist-nasal	original-sheet404.png	glyph_and_folio	
404	387	fulk-complete-index-guest	original-sheet404.png	glyph_and_folio	
404	387	fulk-complete-index-guest-acc	original-sheet404.png	glyph_and_folio	
404	387	fulk-complete-index-have-infinitive	original-sheet404.png	glyph_and_folio	
404	387	fulk-complete-index-have-3sg-pgmc-list	original-sheet404.png	glyph_and_folio	
404	387	fulk-complete-index-hawk	original-sheet404.png	glyph_and_folio	
404	387	fulk-complete-index-hold	original-sheet404.png	glyph_and_folio	
404	387	fulk-complete-index-hold-3sg	original-sheet404.png	glyph_and_folio	
404	387	fulk-complete-index-hand	original-sheet404.png	glyph_and_folio	
404	387	fulk-complete-index-yoke	original-sheet404.png	glyph_and_folio	
404	387	fulk-complete-index-yoke-oblique	original-sheet404.png	glyph_and_folio	
404	387	fulk-complete-index-year	original-sheet404.png	glyph_and_folio	
404	387	fulk-complete-index-youth-stem	original-sheet404.png	glyph_and_folio	
404	387	fulk-complete-index-comb-verb	original-sheet404.png	glyph_and_folio	
404	387	fulk-complete-index-knead-weak	original-sheet404.png	glyph_and_folio	
405	388	fulk-complete-index-cow-stem	original-sheet405.png	glyph_and_folio	
405	388	fulk-complete-index-light-verb	original-sheet405.png	glyph_and_folio	
405	388	fulk-complete-index-learn-stem-alternant	original-sheet405.png	glyph_and_folio	
405	388	fulk-complete-index-milk	original-sheet405.png	glyph_and_folio	
405	388	fulk-complete-index-man-infix	original-sheet405.png	glyph_and_folio	
405	388	fulk-complete-index-man-stem	original-sheet405.png	glyph_and_folio	
405	388	fulk-complete-index-man-hypothesis	original-sheet405.png	glyph_and_folio	
405	388	fulk-complete-index-man-plural	original-sheet405.png	glyph_and_folio	
405	388	fulk-complete-index-month	original-sheet405.png	glyph_and_folio	
405	388	fulk-complete-index-read	original-sheet405.png	glyph_and_folio	
405	388	fulk-complete-index-ride	original-sheet405.png	glyph_and_folio	
405	388	fulk-complete-index-ride-participle	original-sheet405.png	glyph_and_folio	
405	388	fulk-complete-index-salve-noun	original-sheet405.png	glyph_and_folio	
405	388	fulk-complete-index-salve-verb	original-sheet405.png	glyph_and_folio	
405	388	fulk-complete-index-send-finite	original-sheet405.png	glyph_and_folio	
405	388	fulk-complete-index-set	original-sheet405.png	glyph_and_folio	
405	388	fulk-complete-index-sit	original-sheet405.png	glyph_and_folio	
405	388	fulk-complete-index-six	original-sheet405.png	glyph_and_folio	
405	388	fulk-complete-index-sing	original-sheet405.png	glyph_and_folio	
405	388	fulk-complete-index-snow	original-sheet405.png	glyph_and_folio	
405	388	fulk-complete-index-shear	original-sheet405.png	glyph_and_folio	
405	388	fulk-complete-index-slay	original-sheet405.png	glyph_and_folio	
405	388	fulk-complete-index-slay-3sg	original-sheet405.png	glyph_and_folio	
405	388	fulk-complete-index-seek	original-sheet405.png	glyph_and_folio	
405	388	fulk-complete-index-seek-finite	original-sheet405.png	glyph_and_folio	
405	388	fulk-complete-index-run	original-sheet405.png	glyph_and_folio	
405	388	fulk-complete-index-steal	original-sheet405.png	glyph_and_folio	
405	388	fulk-complete-index-stone-dative	original-sheet405.png	glyph_and_folio	
405	388	fulk-complete-index-sister	original-sheet405.png	glyph_and_folio	
406	389	fulk-complete-index-thousand	original-sheet406.png	glyph_and_folio	
406	389	fulk-complete-index-tongue	original-sheet406.png	glyph_and_folio	
406	389	fulk-complete-index-thanks-family	original-sheet406.png	glyph_and_folio	
406	389	fulk-complete-index-wight-identity-question	original-sheet406.png	glyph_and_folio	
406	389	fulk-complete-index-wain	original-sheet406.png	glyph_and_folio	
406	389	fulk-complete-index-wax-grow-stem	original-sheet406.png	glyph_and_folio	
406	389	fulk-complete-index-water-r-stem	original-sheet406.png	glyph_and_folio	
406	389	fulk-complete-index-wolf	original-sheet406.png	glyph_and_folio	
406	389	fulk-complete-index-wool-infix	original-sheet406.png	glyph_and_folio	
406	389	fulk-complete-index-wool-stem	original-sheet406.png	glyph_and_folio	
406	389	fulk-complete-index-wonder	original-sheet406.png	glyph_and_folio	
406	389	fulk-complete-index-wind-participle	original-sheet406.png	glyph_and_folio	
