printed_page	pdf_sheet	holding_pdf	holding_pdf_sha256	inspected_image_path	inspected_image_sha256	verified_proposition	inspection_method	remaining_unreadable_proposition	folio_basis
ix	10	/Users/nathanhill/Code/capr/docs/references/ringe_vol1_pie_to_pgmc.pdf	ca74e94b91ba9ef6c9053a13868bb161490eeafe1fae37f2955e9ecc2c0443cc	/Users/nathanhill/.copilot/session-state/fce1e313-f5ce-4929-9ced-0ceff2c13540/files/ringe-complete/page_images/ix.png	5c6255bc8219005c829cf8d6acc002ce5cc987521e08ee9cdf83d18511411aee	< > sound changes; ← → other changes and also synchronic derivation; double macrons trimoric; nasal subscript hook	Poppler450dpi bounded original page; image actually viewed	none	Printed contents explicitly assigns ix; no roman folio printed on note itself
139	150	/Users/nathanhill/Code/capr/docs/references/ringe_vol1_pie_to_pgmc.pdf	ca74e94b91ba9ef6c9053a13868bb161490eeafe1fae37f2955e9ecc2c0443cc	/Users/nathanhill/.copilot/session-state/fce1e313-f5ce-4929-9ced-0ceff2c13540/files/ringe-complete/page_images/139.png	1f4a0058c39d31144cee578cddec56061fab264736a87e0437e7a43600ed802f	*hnakkō̄ nape-of-neck, explicit PNWGmc n-stem; actual two macrons	Poppler450dpi bounded original page; image actually viewed	none	Printed running folio visible in original image
157	168	/Users/nathanhill/Code/capr/docs/references/ringe_vol1_pie_to_pgmc.pdf	ca74e94b91ba9ef6c9053a13868bb161490eeafe1fae37f2955e9ecc2c0443cc	/Users/nathanhill/.copilot/session-state/fce1e313-f5ce-4929-9ced-0ceff2c13540/files/ringe-complete/page_images/157.png	888852932c43f1d9515927691218396b9732782b3be556524530e67657e3c63a	*frijō̄ną love, explicit PGmc; actual two macrons	Poppler450dpi bounded original page; image actually viewed	none	Printed running folio visible in original image
176	187	/Users/nathanhill/Code/capr/docs/references/ringe_vol1_pie_to_pgmc.pdf	ca74e94b91ba9ef6c9053a13868bb161490eeafe1fae37f2955e9ecc2c0443cc	/Users/nathanhill/.copilot/session-state/fce1e313-f5ce-4929-9ced-0ceff2c13540/files/ringe-complete/page_images/176.png	57ab1baaeb6f9b17ec89c2af2c9bccea3eeef370281a4a7dca2f0809825a6cbd	Figure3.1 original diagram inspected with text175; glyph layout does not certify chronology edges	Poppler450dpi bounded original page; image actually viewed	none	Printed running folio visible in original image
224	235	/Users/nathanhill/Code/capr/docs/references/ringe_vol1_pie_to_pgmc.pdf	ca74e94b91ba9ef6c9053a13868bb161490eeafe1fae37f2955e9ecc2c0443cc	/Users/nathanhill/.copilot/session-state/fce1e313-f5ce-4929-9ced-0ceff2c13540/files/ringe-complete/page_images/224.png	e5cdb0d1dbf8a4f901a59b25f2e9dbc95a295e2446ba9c87e2be9d426116edc0	*frijō̄nd- loving, actual two macrons; whether already friend noun in PGmc explicitly speculative	Poppler450dpi bounded original page; image actually viewed	none	Printed running folio visible in original image
228	239	/Users/nathanhill/Code/capr/docs/references/ringe_vol1_pie_to_pgmc.pdf	ca74e94b91ba9ef6c9053a13868bb161490eeafe1fae37f2955e9ecc2c0443cc	/Users/nathanhill/.copilot/session-state/fce1e313-f5ce-4929-9ced-0ceff2c13540/files/ringe-complete/page_images/228.png	f549d1633369a905e3a9e6dcf9a9d3509a072443673e3e32f3f9407b5b4bd52f	*frijō̄nd- friend in daughter nouns, actual two macrons	Poppler450dpi bounded original page; image actually viewed	none	Printed running folio visible in original image
285	296	/Users/nathanhill/Code/capr/docs/references/ringe_vol1_pie_to_pgmc.pdf	ca74e94b91ba9ef6c9053a13868bb161490eeafe1fae37f2955e9ecc2c0443cc	/Users/nathanhill/.copilot/session-state/fce1e313-f5ce-4929-9ced-0ceff2c13540/files/ringe-complete/page_images/285.png	e73d4da81a36db8cd4e7c4665312815ecff4cc05fa8edd19b141321d644e959f	*salbō̄ną versus *salbō; *wundō̄ną versus questioned *wundō/*wundaz bases; verbal two macrons and nominal one	Poppler450dpi bounded original page; image actually viewed	none	Printed running folio visible in original image
307	318	/Users/nathanhill/Code/capr/docs/references/ringe_vol1_pie_to_pgmc.pdf	ca74e94b91ba9ef6c9053a13868bb161490eeafe1fae37f2955e9ecc2c0443cc	/Users/nathanhill/.copilot/session-state/fce1e313-f5ce-4929-9ced-0ceff2c13540/files/ringe-complete/page_images/307.png	5355a72e49b1747cd313b7a726e10143013ce148756b145aefc8e12b4dc0ba37	*namō̄ inherited neuter name, actual two macrons	Poppler450dpi bounded original page; image actually viewed	none	Printed running folio visible in original image
312	323	/Users/nathanhill/Code/capr/docs/references/ringe_vol1_pie_to_pgmc.pdf	ca74e94b91ba9ef6c9053a13868bb161490eeafe1fae37f2955e9ecc2c0443cc	/Users/nathanhill/.copilot/session-state/fce1e313-f5ce-4929-9ced-0ceff2c13540/files/ringe-complete/page_images/312.png	3255e955740d9bb7c6e7d6ac54b9c2c8f3bd1a4b0f0fbfb0488a80faff892df6	Unstarred neuter name nominative and accusative namō̄, actual two macrons; naminiz/namini unchanged	Poppler450dpi bounded original page; image actually viewed	none	Printed running folio visible in original image
315	326	/Users/nathanhill/Code/capr/docs/references/ringe_vol1_pie_to_pgmc.pdf	ca74e94b91ba9ef6c9053a13868bb161490eeafe1fae37f2955e9ecc2c0443cc	/Users/nathanhill/.copilot/session-state/fce1e313-f5ce-4929-9ced-0ceff2c13540/files/ringe-complete/page_images/315.png	1c604a38731e557217496613c2655f8e924c578593945134e58182a1c8e700d6	*frijōnd- friend, actual ONE macron; preserve difference from224/228 without inferred shortening	Poppler450dpi bounded original page; image actually viewed	none	Printed running folio visible in original image
