removed_evidence_id	retained_evidence_id	reason
rt-complete-1934-002	rt-complete-1934-003	Same verified physical source occurrence emitted by overlapping extractors; retain more specific source-supported cell/date metadata.
rt-complete-1934-009	rt-complete-1934-010	Same verified physical source occurrence emitted by overlapping extractors; retain more specific source-supported cell/date metadata.
rt-complete-1936-002	rt-complete-1936-003	Same verified physical source occurrence emitted by overlapping extractors; retain more specific source-supported cell/date metadata.
rt-complete-1957-002	rt-complete-1957-003	Same verified physical source occurrence emitted by overlapping extractors; retain more specific source-supported cell/date metadata.
rt-complete-1970-002	rt-complete-1970-003	Same verified physical source occurrence emitted by overlapping extractors; retain more specific source-supported cell/date metadata.
rt-complete-1974-003	rt-complete-1974-004	Same verified physical source occurrence emitted by overlapping extractors; retain more specific source-supported cell/date metadata.
rt-complete-1976-003	rt-complete-1976-004	Same verified physical source occurrence emitted by overlapping extractors; retain more specific source-supported cell/date metadata.
rt-complete-1991-005	rt-complete-1991-006	Same verified physical source occurrence emitted by overlapping extractors; retain more specific source-supported cell/date metadata.
rt-complete-1997-009	rt-complete-1997-011	Same verified physical source occurrence emitted by overlapping extractors; retain more specific source-supported cell/date metadata.
rt-complete-1998-005	rt-complete-1998-007	Same verified physical source occurrence emitted by overlapping extractors; retain more specific source-supported cell/date metadata.
rt-complete-2000-006	rt-complete-2000-007	Same verified physical source occurrence emitted by overlapping extractors; retain more specific source-supported cell/date metadata.
rt-complete-2003-036	rt-complete-2003-038	Same verified physical source occurrence emitted by overlapping extractors; retain more specific source-supported cell/date metadata.
rt-complete-2004-004	rt-complete-2004-005	Same verified physical source occurrence emitted by overlapping extractors; retain more specific source-supported cell/date metadata.
rt-complete-2019-014	rt-complete-2019-015	Same verified physical source occurrence emitted by overlapping extractors; retain more specific source-supported cell/date metadata.
rt-complete-2032-003	rt-complete-2032-004	Same verified physical source occurrence emitted by overlapping extractors; retain more specific source-supported cell/date metadata.
rt-complete-2060-003	rt-complete-2060-004	Same verified physical source occurrence emitted by overlapping extractors; retain more specific source-supported cell/date metadata.
rt-complete-2060-011	rt-complete-2060-012	Same verified physical source occurrence emitted by overlapping extractors; retain more specific source-supported cell/date metadata.
rt-complete-2071-002	rt-complete-2071-004	Same verified physical source occurrence emitted by overlapping extractors; retain more specific source-supported cell/date metadata.
rt-complete-2077-004	rt-complete-2077-005	Same verified physical source occurrence emitted by overlapping extractors; retain more specific source-supported cell/date metadata.
rt-complete-2117-009	rt-complete-2117-010	Same verified physical source occurrence emitted by overlapping extractors; retain more specific source-supported cell/date metadata.
rt-complete-2177-008	rt-complete-2177-009	Same verified physical source occurrence emitted by overlapping extractors; retain more specific source-supported cell/date metadata.
rt-complete-2192-010	rt-complete-2192-011	Same verified physical source occurrence emitted by overlapping extractors; retain more specific source-supported cell/date metadata.
rt-complete-2196-003	rt-complete-2196-004	Same verified physical source occurrence emitted by overlapping extractors; retain more specific source-supported cell/date metadata.
rt-complete-2196-007	rt-complete-2196-008	Same verified physical source occurrence emitted by overlapping extractors; retain more specific source-supported cell/date metadata.
rt-complete-2196-016	rt-complete-2196-017	Same verified physical source occurrence emitted by overlapping extractors; retain more specific source-supported cell/date metadata.
rt-complete-2226-004	rt-complete-2226-005	Same verified physical source occurrence emitted by overlapping extractors; retain more specific source-supported cell/date metadata.
rt-complete-2270-004	rt-complete-2270-007	Same verified physical source occurrence emitted by overlapping extractors; retain more specific source-supported cell/date metadata.
rt-complete-2028-005	rt-complete-2028-001	Same verified physical source occurrence emitted by overlapping extractors; retain more specific source-supported cell/date metadata.
rt-complete-2028-006	rt-complete-2028-002	Same verified physical source occurrence emitted by overlapping extractors; retain more specific source-supported cell/date metadata.
rt-complete-2028-007	rt-complete-2028-003	Same verified physical source occurrence emitted by overlapping extractors; retain more specific source-supported cell/date metadata.
rt-complete-2028-008	rt-complete-2028-004	Same verified physical source occurrence emitted by overlapping extractors; retain more specific source-supported cell/date metadata.
