evidence_id	printed_pages	original_extraction	current_native_reading	outcome	verification
rt-complete-1940-001	180	*bar(z	*bar(z)da-	proved extractor clip repaired	text_checked; original glyphs not newly certified
rt-complete-1951-002	271	*(gae	*(gae)burid&	proved extractor clip repaired	text_checked; original glyphs not newly certified
rt-complete-2003-005	195	*fers(t	*fers(t)	proved extractor clip repaired	text_checked; original glyphs not newly certified
rt-complete-2036-008	202	*furh(z	*furh(z)	proved extractor clip repaired	text_checked; original glyphs not newly certified
rt-complete-2144-005	120	*-n(-	*-n(-)	proved extractor clip repaired	text_checked; original glyphs not newly certified
rt-complete-2255-001	32	*bun(a	*bun(a)raz	proved extractor clip repaired	text_checked; original glyphs not newly certified
rt-complete-2302-001	202	*werald(i	*werald(i)	proved extractor clip repaired	text_checked; original glyphs not newly certified
rt-complete-2302-002	202	*werzeld(i	*werzeld(i)	proved extractor clip repaired	text_checked; original glyphs not newly certified
rt-complete-1948-002	51	*(bididan]	*(bididan]	native bracket corruption retained	text_checked; original glyphs unresolved
rt-complete-2193-002	51	*(sittan]	*(sittan]	native bracket corruption retained	text_checked; original glyphs unresolved
rt-complete-2254-004	121	priG)u	priG)u	native table corruption retained	text_checked; original glyphs unresolved
rt-complete-2254-006	121	priG)u	priG)u	native table corruption retained	text_checked; original glyphs unresolved
