ID	DOCULECT	CONCEPT	COGIDS	GLOSSID	IPA	TOKENS	PROTOSTEM	PROTOFORM	COUNTERPART	NOTE
1 Old_Welsh	silver	4	6	argant	a r g a n t	*arganto-	*argantom	argant
2 Old_Welsh	woman	9	12	ben	b e n	*bena-	*benā	ben
3 Old_Welsh	world	10	13	bid	b i d	*bitu-	*bitus	bid
4 Old_Welsh	year	12	16	bloiðin	b l o i ð i n	*bleidanī	*bleidanī	bloidin
5 Old_Welsh	cow	14	18	bu	b u	*bow-	*baus	bu
6 Old_Welsh	judgement	16	23	braut	b r a u t	*brātu-	*brātus	braut
7 Old_Welsh	God	18	27	diui	d i u i	*deiw-	*deiwos	duiu
8 Old_Welsh	horse	21	30	eb	e b	*ekʷo-	*ekʷos	ebawl
9 Old_Welsh	hand	25	37	lau	l a u	*ɸlāma-	*ɸlāmā	lau
10 Old_Welsh	evil	35	53	kam	k a m	*kambo	*kambos	cam
11 Old_Welsh	hundred	36	55	kant	k a n t	*kantom	*kantom	cant
12 Old_Welsh	friend	37	56	kar	k a r	*karant-	*karants	car
13 Old_Welsh	meadow	38	58	klun	k l u n	*klouni-	*klounis	clun
14 Old_Welsh	clan, tribe	39	60	korð	k o r ð	*koryo-	*koryos	cordd
15 Old_Welsh	trench	40	61	krīp	k r ī p	*krīkʷ-	*krīkʷā	crip
16 Old_Welsh	churchyard	41	62	lan	l a n	*landā-	*landā	llan
17 Old_Welsh	god, lug	46	72	ɬū	ɬ ū	*lugu-	*lugus	Llew
18 Old_Welsh	son	48	76	map	m a p	*makʷo-	*makʷos	map
19 Old_Welsh	bee	49	78	modr	m o d r	*māter-	*mātīr	modr
20 Old_Welsh	honey	50	79	mel	m e l	*mel-	*meli	mel
21 Old_Welsh	eight	64	97	oiθ	o i θ	*oxtū	*oxtū	oith
22 Old_Welsh	king	67	100	ri	r i	*rīg-	*rīxs	ri
23 Old_Welsh	this	79	112	hin	h i n	*sindo-	*sindos	hinn
24 Old_Welsh	tongue	93	130	tauaūt	t a u a ū t	*tangʷāt-	*tangʷāts	tauawt
25 Old_Welsh	house	96	133	tig	t i g	*tegos-	*tegos	tig
26 Old_Welsh	under	104	141	guo	g u o	*uɸo-	*uɸo	guo
27 Old_Welsh	wet	114	154	gulip	g u l i p	*wlikʷo-	*wlikʷos	gulip
28 Old_Welsh	man	112	152	gur	g u r	*wiro-	*wiros	gur
29 Old_Welsh	band, troop	115	155	guerin	g u e r i n	*worīnā-	*worīnā	guerin
30 Old_Welsh	over, on	105	142	guor	g u o r	*uɸer-	*uɸer	guor
31 Old_Welsh	land	98	135	tīr	t ī r	*tīros-	*tīros	tir
32 Old_Welsh	red	71	102	rud	r u d	*rowdo-	*rowdos	rud
33 Old_Welsh	hunt	74	105	helɣa	h e l ɣ a	*selgā-	*selgā	helgha
34 Old_Welsh	heaven	58	88	nem	n e m	*nemos-	*nemos	nem
35 Old_Welsh	strength	59	89	nerθ	n e r θ	*nerto-	*nertom	nerth
36 Old_Welsh	pig	53	83	mōχ	m ō χ	*mokku-	*mukkus	moch
37 Old_Welsh	everyone	31	47	paup	p a u p	*kʷākʷo-	*kʷākʷos	paup
38 Old_Welsh	five	32	48	pimp	p i m p	*kʷenkʷe	*kʷenkʷe	pimp
39 Old_Welsh	four	33	49	petguar	p e t g u a r	*kʷetwores	*kʷetwores	petguar
