row_id	concept	proto	proto_norm	fst_input	word_stress	phonological_finality	counterpart	accepted	output_count	match	outputs
1943	begin	*bigínnaną	bigínnaną	bigínnaną	stressed	final	beġinnan	1	1	1	beġinnan
1952	blood	*blōdą	blōdą	blōdą	stressed	final	blōd	1	1	1	blōd
1965	brand	*brándas	brándas	brándas	stressed	final	brandes	1	1	1	brandes
1966	bread	*bráudą	bráudą	bráudą	stressed	final	brēad	1	1	1	brēad
1967	break	*brékaną	brékaną	brékaną	stressed	final	brecan	1	1	1	brecan
1974	burst	*bréstaną	bréstaną	bréstaną	stressed	final	berstan	1	1	1	berstan
1968	breast	*bréustą	bréustą	bréustą	stressed	final	brēost	1	1	1	brēost
1971	bring	*brínganą	brínganą	brínganą	stressed	final	bringan	1	1	1	bringan
1969	breeches	*brōkiz	brōkiz	brōkiz	stressed	final	brēċ	1	1	1	brēċ
1970	bride	*brūdiz	brūdiz	brūdiz	stressed	final	brȳd	1	1	1	brȳd
1972	brook	*brūkaną	brūkaną	brūkaną	stressed	final	brūcan	1	1	1	brūcan
1954	bone	*báiną	báiną	báiną	stressed	final	bān	1	1	1	bān
1934	bake	*bákaną	bákaną	bákaną	stressed	final	bacan	1	1	1	bacan
1945	belly	*bálgiz	bálgiz	bálgiz	stressed	final	bielġ	1	1	1	bielġ
1936	ban	*bánnas	bánnas	bánnas	stressed	final	bannes	1	1	1	bannes
1940	beard	*bárdaz	bárdaz	bárdaz	stressed	final	beard	1	1	1	beard
1938	bast	*bástą	bástą	bástą	stressed	final	bæst	1	1	1	bæst
1962	bow	*báug	báug	báug	stressed	final	bēag	1	1	1	bēag
1961	bow	*báugijaną	báugijaną	báugijaną	stressed	final	bīeġan	1	1	1	bīeġan
1946	berry	*bázjas	bázjas	bázjas	stressed	final	berġes	1	1	1	berġes
1939	bath	*báθą	báθą	báθą	stressed	final	bæþ	1	1	1	bæþ
1941	beaver	*bébruz	bébruz	bébruz	stressed	final	befer	1	1	1	befer
1937	barrow	*bérgą	bérgą	bérgą	stressed	final	beorg	1	1	1	beorg
1950	bind	*bíndaną	bíndaną	bíndaną	stressed	final	bindan	1	1	1	bindan
1963	bow	*búgô	búgô	búgô	stressed	final	boga	1	1	1	boga
1973	buck	*búkkaz	búkkaz	búkkaz	stressed	final	bucc	1	1	0	bocc
1951	birth	*búrdiz	búrdiz	búrdiz	stressed	final	byrd	1	1	1	byrd
1953	board	*búrdą	búrdą	búrdą	stressed	final	bord	1	1	1	bord
2311	bore (iptv.2sg)	*búrô	búrô	búrô	stressed	final	bora	1	1	1	bora
1956	bore	*búrōjaną	búrōjaną	búrōjaną	stressed	final	borian	1	1	1	borian
2312	bore (3sg)	*búrōθi	búrōθi	búrōθi	stressed	final	boraþ	1	1	1	boraþ
1959	bottom	*búttmaz	búttmaz	búttmaz	stressed	final	botm	1	1	1	botm
1958	both	*bō	bō	bō	stressed	final	bū	1	1	1	bū
1960	bough	*bōguz	bōguz	bōguz	stressed	final	bōg	1	1	1	bōg
1955	book	*bōkz	bōkz	bōkz	stressed	final	bōc	1	1	1	bōc
1942	beech	*bōkō	bōkō	bōkō	stressed	final	bōc	1	1	1	bōc
1957	bosom	*bōsmaz	bōsmaz	bōsmaz	stressed	final	bōsm	1	1	1	bōsm
1964	bower	*būrą	būrą	būrą	stressed	final	būr	1	1	1	būr
1949	bier	*bḗrō	bḗrō	bḗrō	stressed	final	bǣr	1	1	1	bǣr
1996	drench	*dránkiz	dránkiz	dránkiz	stressed	final	drenċ	1	1	1	drenċ
1995	dream	*dráugmaz	dráugmaz	dráugmaz	stressed	final	drēam	1	1	1	drēam
1997	drink	*drínkaną	drínkaną	drínkaną	stressed	final	drincan	1	1	1	drincan
1998	drive	*drḯbaną	drḯbaną	drḯbaną	stressed	final	drīfan	1	1	1	drīfan
1985	day	*dágaz	dágaz	dágaz	stressed	final	dæġ	1	1	1	dæġ
1993	dough	*dáigaz	dáigaz	dáigaz	stressed	final	dāg	1	1	1	dāg
1986	deal	*dáiliz	dáiliz	dáiliz	stressed	final	dǣl	1	1	1	dǣl
1984	dale	*dálaz	dálaz	dálaz	stressed	final	dæl	1	1	1	dæl
1989	dew	*dáwwō	dáwwō	dáwwō	stressed	final	dēaw	1	1	1	dēaw
1990	dill	*déliz	déliz	déliz	stressed	final	dile	1	1	1	dile
1988	deer	*déuzą	déuzą	déuzą	stressed	final	dēor	1	1	1	dēor
1992	door	*dúrą	dúrą	dúrą	stressed	final	dor	1	1	1	dor
1991	do	*dōną	dōną	dōną	stressed	final	dōn	1	1	1	dōn
1987	deed	*dḗdiz	dḗdiz	dḗdiz	stressed	final	dǣd	1	1	1	dǣd
2020	flesh	*fláiskiz	fláiskiz	fláiskiz	stressed	final	flǣsċ	1	1	1	flǣsċ
2016	flask	*fláskōn	fláskōn	fláskōn	stressed	final	flasce	1	1	1	flasce
2018	flea	*fláuxz	fláuxz	fláuxz	stressed	final	flēah	1	1	1	flēah
2017	flax	*fláxsą	fláxsą	fláxsą	stressed	final	fleax	1	1	1	fleax
2022	fly	*fléuganą	fléuganą	fléuganą	stressed	final	flēogan	1	1	1	flēogan
2019	flee	*fléuxaną	fléuxaną	fléuxaną	stressed	final	flēon	1	1	1	flēon
2021	flood	*flōduz	flōduz	flōduz	stressed	final	flōd	1	1	1	flōd
2032	freeze	*fréusaną	fréusaną	fréusaną	stressed	final	frēosan	1	1	1	frēosan
2033	friend	*fríjōndz	fríjōndz	fríjōndz	stressed	final	frēond	1	1	1	frēond
2035	frost	*frústą	frústą	frústą	stressed	final	forst	1	1	1	forst
2005	father	*fádēr	fádēr	fádēr	stressed	final	fæder	1	1	1	fæder
2002	fall	*fállaną	fállaną	fállaną	stressed	final	feallan	1	1	1	feallan
2025	fold	*fálθaną	fálθaną	fálθaną	stressed	final	fealdan	1	1	1	fealdan
2003	fare	*fáraną	fáraną	fáraną	stressed	final	faran	1	1	1	faran
2008	fern	*fárnaz	fárnaz	fárnaz	stressed	final	fearn	1	1	1	fearn
2004	fast	*fástijaną	fástijaną	fástijaną	stressed	final	festan	1	1	1	festan
2029	four	*fédwōr	fédwōr	fédwōr	stressed	final	fēower	1	1	1	fēower
2007	fell	*féllą	féllą	féllą	stressed	final	fell	1	1	1	fell
2009	field	*félθuz	félθuz	félθuz	stressed	final	feld	1	1	1	feld
2010	fight	*féxtaną	féxtaną	féxtaną	stressed	final	feohtan	1	1	1	feohtan
2006	fee	*féxu	féxu	féxu	stressed	final	feoh	1	1	1	feoh
2012	finger	*fíngraz	fíngraz	fíngraz	stressed	final	finger	1	1	1	finger
2014	fish	*fískaz	fískaz	fískaz	stressed	final	fisċ	1	1	1	fisċ
2030	fowl	*fúglaz	fúglaz	fúglaz	stressed	final	fugol	1	1	0	fogol
2027	follow	*fúlgijaną	fúlgijaną	fúlgijaną	stressed	final	fylġan	1	1	1	fylġan
2026	folk	*fúlką	fúlką	fúlką	stressed	final	folc	1	1	1	folc
2023	foal	*fúlô	fúlô	fúlô	stressed	final	fola	1	1	1	fola
2015	fist	*fúnxstiz	fúnxstiz	fúnxstiz	stressed	final	fȳst	1	1	1	fȳst
2011	find	*fúnðanǭ	fúnðanǭ	fúnðanǭ	stressed	final	fundene	1	1	1	fundene
2036	furrow	*fúrx	fúrx	fúrx	stressed	final	furh	1	1	1	furh
2034	fright	*fúrxtīnaz	fúrxtīnaz	fúrxtīnaz	stressed	final	fyrhte	1	1	1	fyrhte
2031	fox	*fúxsaz	fúxsaz	fúxsaz	stressed	final	fox	1	1	1	fox
2024	fodder	*fōdrą	fōdrą	fōdrą	stressed	final	fōdor	1	1	1	fōdor
2013	fire	*fūri	fūri	fūri	stressed	final	fȳre	1	1	0	fȳr
1944	believe	*galáubijaną	galáubijaną	galáubijaną	stressed	final	ġelīefan	1	1	1	ġelīefan
2046	grave	*grábaną	grábaną	grábaną	stressed	final	grafan	1	1	1	grafan
2045	grass	*grásą	grásą	grásą	stressed	final	græs	1	1	1	græs
2048	ground	*grúnduz	grúnduz	grúnduz	stressed	final	grund	1	1	1	grund
2047	gripe	*grḯpaną	grḯpaną	grḯpaną	stressed	final	grīpan	1	1	1	grīpan
2039	ghost	*gáistaz	gáistaz	gáistaz	stressed	final	gāst	1	1	1	gāst
2037	gall	*gállô	gállô	gállô	stressed	final	ġealla	1	1	1	ġealla
2038	gang	*gángaz	gángaz	gángaz	stressed	final	gang	1	1	1	gang
2044	goose	*gánsz	gánsz	gánsz	stressed	final	gōs	1	1	1	gōs
2305	yarn	*gárną	gárną	gárną	stressed	final	ġearn	1	1	1	ġearn
2049	guest	*gástiz	gástiz	gástiz	stressed	final	ġiest	1	1	1	ġiest
2041	give	*gébaną	gébaną	gébaną	stressed	final	ġiefan	1	1	1	ġiefan
2040	gift	*gíftiz	gíftiz	gíftiz	stressed	final	ġift	1	1	1	ġift
2042	god	*gúdą	gúdą	gúdą	stressed	final	god	1	1	1	god
2043	gold	*gúlθą	gúlθą	gúlθą	stressed	final	gold	1	1	1	gold
2308	youth	*júgunθ	júgunθ	júgunθ	stressed	final	ġeoguþ	1	1	1	ġeoguþ
2307	yoke	*júką	júką	júką	stressed	final	ġeoc	1	1	1	ġeoc
2306	year	*jḗrą	jḗrą	jḗrą	stressed	final	ġēar	1	1	1	ġēar
1977	climb	*klímbaną	klímbaną	klímbaną	stressed	final	climban	1	1	1	climban
2084	knead	*knédaną	knédaną	knédaną	stressed	final	cnedan	1	1	1	cnedan
2085	knee	*knéwą	knéwą	knéwą	stressed	final	cnēow	1	1	1	cnēow
2086	knight	*knéxtaz	knéxtaz	knéxtaz	stressed	final	cniht	1	1	1	cniht
2087	knob	*knúbbô	knúbbô	knúbbô	stressed	final	cnobba	1	1	1	cnobba
1981	craft	*kráftaz	kráftaz	kráftaz	stressed	final	cræft	1	1	1	cræft
1982	crop	*krúppaz	krúppaz	krúppaz	stressed	final	cropp	1	1	1	cropp
1983	cud	*kwéðuz	kwéðuz	kwéðuz	stressed	final	cwedu	1	1	1	cwedu
1975	calf	*kálbaz	kálbaz	kálbaz	stressed	final	ċealf	1	1	1	ċealf
1978	comb	*kámbaz	kámbaz	kámbaz	stressed	final	camb	1	1	1	camb
1976	chew	*kéwwaną	kéwwaną	kéwwaną	stressed	final	ċēowan	1	1	1	ċēowan
1979	corn	*kúrną	kúrną	kúrną	stressed	final	corn	1	1	1	corn
1980	cow	*kūi	kūi	kūi	stressed	final	cȳ	1	1	1	cȳ
2093	lead	*láidijaną	láidijaną	láidijaną	stressed	final	lǣdan	1	1	1	lǣdan
2109	loam	*láimą	láimą	láimą	stressed	final	lām	1	1	1	lām
2091	last	*láistijaną	láistijaną	láistijaną	stressed	final	lǣstan	1	1	1	lǣstan
2110	loath	*láiθaz	láiθaz	láiθaz	stressed	final	lāþ	1	1	1	lāþ
2089	land	*lándą	lándą	lándą	stressed	final	land	1	1	1	land
2090	lap	*láppô	láppô	láppô	stressed	final	lappa	1	1	1	lappa
2094	leaf	*láubą	láubą	láubą	stressed	final	lēaf	1	1	1	lēaf
2116	lye	*láugō	láugō	láugō	stressed	final	lēag	1	1	1	lēag
2097	leek	*láukaz	láukaz	láukaz	stressed	final	lēac	1	1	1	lēac
2028	forlorn	*léusaną	léusaną	léusaną	stressed	final	lēosan	1	1	1	lēosan
2102	light	*léuxtijaną	léuxtijaną	léuxtijaną	stressed	final	līehtan	1	1	1	līehtan
2096	leather	*léθrą	léθrą	léθrą	stressed	final	leþer	1	1	1	leþer
2108	liver	*líbrō	líbrō	líbrō	stressed	final	lifer	1	1	1	lifer
2107	live	*líbēθi	líbēθi	líbēθi	stressed	final	lifeþ	1	1	1	lifeþ
2315	lick (iptv.2sg)	*líkkô	líkkô	líkkô	stressed	final	licca	1	1	1	licca
2099	lick	*líkkōjaną	líkkōjaną	líkkōjaną	stressed	final	liccian	1	1	1	liccian
2316	lick (3sg)	*líkkōθi	líkkōθi	líkkōθi	stressed	final	liccaþ	1	1	1	liccaþ
2104	linden	*líndō	líndō	líndō	stressed	final	lind	1	1	1	lind
2313	learn (iptv.2sg)	*líznô	líznô	líznô	stressed	final	liorna	1	1	1	liorna
2095	learn	*líznōjaną	líznōjaną	líznōjaną	stressed	final	liornian	1	1	1	liornian
2314	learn (3sg)	*líznōθi	líznōθi	líznōθi	stressed	final	liornaþ	1	1	1	liornaþ
2112	lock	*lúkkaz	lúkkaz	lúkkaz	stressed	final	locc	1	1	1	locc
2111	lock	*lúką	lúką	lúką	stressed	final	loc	1	1	1	loc
2114	lung	*lúnganjō	lúnganjō	lúnganjō	stressed	final	lungen	1	1	1	lungen
2115	lust	*lústuz	lústuz	lústuz	stressed	final	lust	1	1	1	lust
2113	louse	*lūsz	lūsz	lūsz	stressed	final	lūs	1	1	1	lūs
2098	let	*lḗtaną	lḗtaną	lḗtaną	stressed	final	lǣtan	1	1	1	lǣtan
2329	betray	*lḗwijaną	lḗwijaną	lḗwijaną	stressed	final	lǣwan	1	1	1	lǣwan
2101	life	*lḯbą	lḯbą	lḯbą	stressed	final	līf	1	1	1	līf
2103	lime	*lḯmą	lḯmą	lḯmą	stressed	final	līm	1	1	1	līm
2105	line	*lḯnōn	lḯnōn	lḯnōn	stressed	final	līne	1	1	1	līne
2106	list	*lḯstōn	lḯstōn	lḯstōn	stressed	final	līste	1	1	1	līste
2123	mean	*máinijaną	máinijaną	máinijaną	stressed	final	mǣnan	1	1	1	mǣnan
2309	make (iptv.2sg)	*mákô	mákô	mákô	stressed	final	maca	1	1	1	maca
2117	make	*mákōjaną	mákōjaną	mákōjaną	stressed	final	macian	1	1	1	macian
2310	make (3sg)	*mákōθi	mákōθi	mákōθi	stressed	final	macaþ	1	1	1	macaþ
2118	malt	*máltaz	máltaz	máltaz	stressed	final	mealt	1	1	1	mealt
2119	man	*mánnas	mánnas	mánnas	stressed	final	mannes	1	1	1	mannes
2120	march	*márkō	márkō	márkō	stressed	final	mearc	1	1	1	mearc
2141	nightmare	*márōn	márōn	márōn	stressed	final	mare	1	1	1	mare
2121	mast	*mástaz	mástaz	mástaz	stressed	final	mæst	1	1	1	mæst
2125	might	*máxtiz	máxtiz	máxtiz	stressed	final	miht	1	1	1	miht
2126	milk	*mélukz	mélukz	mélukz	stressed	final	meoloc	1	1	1	meoloc
2124	meed	*mízdai	mízdai	mízdai	stressed	final	meorde	1	1	1	meorde
2128	mood	*mōdaz	mōdaz	mōdaz	stressed	final	mōd	1	1	1	mōd
2129	mother	*mōdēr	mōdēr	mōdēr	stressed	final	mōder	1	1	1	mōder
2122	meal	*mḗlą	mḗlą	mḗlą	stressed	final	mǣl	1	1	1	mǣl
2127	month	*mḗnōθz	mḗnōθz	mḗnōθz	stressed	final	mōnaþ	1	1	1	mōnaþ
2133	navel	*nábulô	nábulô	nábulô	stressed	final	nafola	1	1	1	nafola
2132	nave	*nábō	nábō	nábō	stressed	final	nafu	1	1	1	nafu
2130	nail	*náglaz	náglaz	náglaz	stressed	final	næġl	1	1	1	næġl
2131	name	*námô	námô	námô	stressed	final	nama	1	1	1	nama
2139	nettle	*nátilōn	nátilōn	nátilōn	stressed	final	netle	1	1	1	netle
2138	net	*nátją	nátją	nátją	stressed	final	nett	1	1	1	nett
2135	need	*náudiz	náudiz	náudiz	stressed	final	nīed	1	1	1	nīed
2140	night	*náxti	náxti	náxti	stressed	final	niht	1	1	1	niht
2142	nine	*nígun	nígun	nígun	stressed	final	nigon	1	1	1	nigon
2137	nest	*nístą	nístą	nístą	stressed	final	nest	1	1	1	nest
2143	nose	*núsō	núsō	núsō	stressed	final	nosu	1	1	1	nosu
1933	adder	*nḗdrōn	nḗdrōn	nḗdrōn	stressed	final	nǣdre	1	1	1	nǣdre
2136	needle	*nḗðlō	nḗðlō	nḗðlō	stressed	final	nǣdl	1	1	1	nǣdl
2159	rope	*ráipą	ráipą	ráipą	stressed	final	rāp	1	1	1	rāp
2152	rest	*rástōz	rástōz	rástōz	stressed	final	ræste	1	1	1	ræste
2151	reek	*ráukaz	ráukaz	ráukaz	stressed	final	rēac	1	1	1	rēac
2148	rainbow	*régna-bùgô	régna-bùgô	régna-bùgô	stressed	final	reġnboga	1	1	1	reġnboga
2147	rain	*régną	régną	régną	stressed	final	reġn	1	1	1	reġn
2154	rind	*ríndō	ríndō	ríndō	stressed	final	rind	1	1	1	rind
2161	run	*rínnaną	rínnaną	rínnaną	stressed	final	rinnan	1	1	1	rinnan
2163	rye	*rúgiz	rúgiz	rúgiz	stressed	final	ryġe	1	1	1	ryġe
2155	coat	*rúkkaz	rúkkaz	rúkkaz	stressed	final	rocc	1	1	1	rocc
2162	rust	*rústō	rústō	rústō	stressed	final	rust	1	1	0	rost
2157	rood	*rōdō	rōdō	rōdō	stressed	final	rōd	1	1	1	rōd
2160	rudder	*rōθraz	rōθraz	rōθraz	stressed	final	rōþor	1	1	1	rōþor
2158	room	*rūmą	rūmą	rūmą	stressed	final	rūm	1	1	1	rūm
2150	read	*rḗdaną	rḗdaną	rḗdaną	stressed	final	rǣdan	1	1	1	rǣdan
2153	ride	*rḯdaną	rḯdaną	rḯdaną	stressed	final	rīdan	1	1	1	rīdan
2175	shaft	*skáftą	skáftą	skáftą	stressed	final	sċeaft	1	1	1	sċeaft
2178	sheath	*skáiθiz	skáiθiz	skáiθiz	stressed	final	sċēaþ	1	1	1	sċēaþ
2176	shame	*skámō	skámō	skámō	stressed	final	sċamu	1	1	1	sċamu
2184	shove	*skáub	skáub	skáub	stressed	final	sċēaf	1	1	1	sċēaf
2317	show (iptv.2sg)	*skáwô	skáwô	skáwô	stressed	final	sċēawa	1	1	1	sċēawa
2186	show	*skáwōjaną	skáwōjaną	skáwōjaną	stressed	final	sċēawian	1	1	1	sċēawian
2318	show (3sg)	*skáwōθi	skáwōθi	skáwōθi	stressed	final	sċēawaþ	1	1	1	sċēawaþ
2180	shield	*skélduz	skélduz	skélduz	stressed	final	sċield	1	1	1	sċield
2177	shear	*skéraną	skéraną	skéraną	stressed	final	sċieran	1	1	1	sċieran
2181	shilling	*skíllingaz	skíllingaz	skíllingaz	stressed	final	sċilling	1	1	1	sċilling
2185	shovel	*skúflō	skúflō	skúflō	stressed	final	sċofl	1	1	1	sċofl
2183	shoulder	*skúldramiz	skúldramiz	skúldramiz	stressed	final	sċuldrum	1	1	1	sċuldrum
2187	shower	*skūrō	skūrō	skūrō	stressed	final	sċūr	1	1	1	sċūr
2179	sheep	*skḗpą	skḗpą	skḗpą	stressed	final	sċēap	1	1	1	sċēap
2182	shine	*skḯnaną	skḯnaną	skḯnaną	stressed	final	sċīnan	1	1	1	sċīnan
2195	slay	*sláxaną	sláxaną	sláxaną	stressed	final	slēan	1	1	1	slēan
2196	sleep	*slḗpaną	slḗpaną	slḗpaną	stressed	final	slǣpan	1	1	1	slǣpan
2197	slime	*slḯmą	slḯmą	slḯmą	stressed	final	slīm	1	1	1	slīm
2198	smear	*smérwijaną	smérwijaną	smérwijaną	stressed	final	smierwan	1	1	1	smierwan
2199	snow	*snáiwaz	snáiwaz	snáiwaz	stressed	final	snāw	1	1	1	snāw
2210	spread	*spráidijaną	spráidijaną	spráidijaną	stressed	final	sprǣdan	1	1	1	sprǣdan
2203	span	*spánnai	spánnai	spánnai	stressed	final	spanne	1	1	1	spanne
2202	span	*spánnaną	spánnaną	spánnaną	stressed	final	spannan	1	1	1	spannan
2204	spar	*spárrô	spárrô	spárrô	stressed	final	spearra	1	1	1	spearra
2205	spare	*spárōjaną	spárōjaną	spárōjaną	stressed	final	sparian	1	1	1	sparian
2208	spindle	*spénnilō	spénnilō	spénnilō	stressed	final	spinl	1	1	1	spinl
2206	spear	*spéru	spéru	spéru	stressed	final	speoru	1	1	1	speoru
2207	spin	*spínnaną	spínnaną	spínnaną	stressed	final	spinnan	1	1	1	spinnan
2211	spur	*spúrô	spúrô	spúrô	stressed	final	spora	1	1	1	spora
2209	spoon	*spḗnuz	spḗnuz	spḗnuz	stressed	final	spōn	1	1	1	spōn
2226	stretch	*strákkijaną	strákkijaną	strákkijaną	stressed	final	streċċan	1	1	1	streċċan
2228	string	*strángiz	strángiz	strángiz	stressed	final	strenġ	1	1	1	strenġ
2225	stream	*stráumaz	stráumaz	stráumaz	stressed	final	strēam	1	1	1	strēam
2227	strew	*stráwjaną	stráwjaną	stráwjaną	stressed	final	strīeġan	1	1	1	strīeġan
2224	straw	*stráwą	stráwą	stráwą	stressed	final	strēaw	1	1	1	strēaw
2212	staff	*stábaz	stábaz	stábaz	stressed	final	stæf	1	1	1	stæf
2220	stone	*stáinaz	stáinaz	stáinaz	stressed	final	stān	1	1	1	stān
2216	stem	*stámniz	stámniz	stámniz	stressed	final	stefn	1	1	1	stefn
2215	steal	*stélaną	stélaną	stélaną	stressed	final	stelan	1	1	1	stelan
2217	still	*stéllijaną	stéllijaną	stéllijaną	stressed	final	stillan	1	1	1	stillan
2214	starve	*stérbaną	stérbaną	stérbaną	stressed	final	steorfan	1	1	1	steorfan
2219	stock	*stúkkaz	stúkkaz	stúkkaz	stressed	final	stocc	1	1	1	stocc
2222	stork	*stúrkaz	stúrkaz	stúrkaz	stressed	final	storc	1	1	1	storc
2223	storm	*stúrmaz	stúrmaz	stúrmaz	stressed	final	storm	1	1	1	storm
2213	start	*stúrtijaną	stúrtijaną	stúrtijaną	stressed	final	styrtan	1	1	1	styrtan
2229	stud	*stōdą	stōdą	stōdą	stressed	final	stōd	1	1	1	stōd
2221	stool	*stōlaz	stōlaz	stōlaz	stressed	final	stōl	1	1	1	stōl
2234	swallow	*swálwōn	swálwōn	swálwōn	stressed	final	swealwe	1	1	1	swealwe
2235	swan	*swánas	swánas	swánas	stressed	final	swanes	1	1	1	swanes
2236	swell	*swéllaną	swéllaną	swéllaną	stressed	final	swellan	1	1	1	swellan
2239	sword	*swérdą	swérdą	swérdą	stressed	final	sweord	1	1	1	sweord
2192	sister	*swéstēr	swéstēr	swéstēr	stressed	final	swester	1	1	1	swester
2237	swim	*swímmaną	swímmaną	swímmaną	stressed	final	swimman	1	1	1	swimman
2238	swine	*swḯną	swḯną	swḯną	stressed	final	swīn	1	1	1	swīn
2201	soul	*sáiwalō	sáiwalō	sáiwalō	stressed	final	sāwol	1	1	1	sāwol
2169	sea	*sáiwiz	sáiwiz	sáiwiz	stressed	final	sǣ	1	1	1	sǣ
2165	sake	*sákō	sákō	sákō	stressed	final	sacu	1	1	1	sacu
2167	salve	*sálbō	sálbō	sálbō	stressed	final	sealf	1	1	1	sealf
2166	salt	*sáltą	sáltą	sáltą	stressed	final	sealt	1	1	1	sealt
2172	send	*sándijaną	sándijaną	sándijaną	stressed	final	sendan	1	1	1	sendan
2191	singe	*sángijaną	sángijaną	sángijaną	stressed	final	senġan	1	1	1	senġan
2168	sap	*sápą	sápą	sápą	stressed	final	sæp	1	1	1	sæp
2173	set	*sátjaną	sátjaną	sátjaną	stressed	final	settan	1	1	1	settan
2170	seam	*sáumaz	sáumaz	sáumaz	stressed	final	sēam	1	1	1	sēam
2174	seven	*sébun	sébun	sébun	stressed	final	seofon	1	1	1	seofon
2164	sail	*séglą	séglą	séglą	stressed	final	seġl	1	1	1	seġl
2193	sit	*sétjaną	sétjaną	sétjaną	stressed	final	sittan	1	1	1	sittan
2194	six	*séxs	séxs	séxs	stressed	final	six	1	1	1	six
2189	sieve	*síbi	síbi	síbi	stressed	final	sife	1	1	1	sife
2190	sing	*síngwaną	síngwaną	síngwaną	stressed	final	singan	1	1	1	singan
2230	summer	*súmaraz	súmaraz	súmaraz	stressed	final	sumer	1	1	1	sumer
2232	sunder	*súndrōjaną	súndrōjaną	súndrōjaną	stressed	final	sundrian	1	1	1	sundrian
2231	sun	*súnnōn	súnnōn	súnnōn	stressed	final	sunne	1	1	1	sunne
2200	sorrow	*súrgō	súrgō	súrgō	stressed	final	sorg	1	1	1	sorg
2171	seek	*sōkijaną	sōkijaną	sōkijaną	stressed	final	sēċan	1	1	1	sēċan
2233	sup	*sūpaną	sūpaną	sūpaną	stressed	final	sūpan	1	1	1	sūpan
2328	sow	*sḗaną	sḗaną	sḗaną	stressed	final	sāwan	1	1	1	sāwan
2188	side	*sḯdōn	sḯdōn	sḯdōn	stressed	final	sīde	1	1	1	sīde
2264	tread	*trédaną	trédaną	trédaną	stressed	final	tredan	1	1	1	tredan
2265	trough	*trúgą	trúgą	trúgą	stressed	final	trog	1	1	1	trog
2260	token	*táikną	táikną	táikną	stressed	final	tācn	1	1	1	tācn
2259	toe	*táixōn	táixōn	táixōn	stressed	final	tā	1	1	1	tā
2261	tongs	*tángō	tángō	tángō	stressed	final	tang	1	1	1	tang
2240	tap	*táppô	táppô	táppô	stressed	final	tæppa	1	1	0	tappa
2241	team	*táugmaz	táugmaz	táugmaz	stressed	final	tēam	1	1	1	tēam
2242	ten	*téxun	téxun	téxun	stressed	final	tēon	1	1	1	tēon
2256	tick	*tíkkô	tíkkô	tíkkô	stressed	final	ticca	1	1	1	ticca
2258	timber	*tímbrą	tímbrą	tímbrą	stressed	final	timber	1	1	1	timber
2262	tongue	*túngōn	túngōn	túngōn	stressed	final	tunge	1	1	1	tunge
2263	town	*tūną	tūną	tūną	stressed	final	tūn	1	1	1	tūn
2257	tide	*tḯdiz	tḯdiz	tḯdiz	stressed	final	tīd	1	1	1	tīd
2304	wring	*wrínganą	wrínganą	wrínganą	stressed	final	wringan	1	1	1	wringan
2273	wasp	*wábsaz	wábsaz	wábsaz	stressed	final	wæfs	1	1	1	wæfs
2266	wade	*wádaną	wádaną	wádaną	stressed	final	wadan	1	1	1	wadan
2267	wain	*wágnaz	wágnaz	wágnaz	stressed	final	wæġn	1	1	1	wæġn
2268	wake	*wákaną	wákaną	wákaną	stressed	final	wacan	1	1	1	wacan
2289	wield	*wáldaną	wáldaną	wáldaną	stressed	final	wealdan	1	1	1	wealdan
2297	wold	*wálθuz	wálθuz	wálθuz	stressed	final	weald	1	1	1	weald
2269	warp	*wárpą	wárpą	wárpą	stressed	final	wearp	1	1	1	wearp
2271	wart	*wártōn	wártōn	wártōn	stressed	final	wearte	1	1	1	wearte
2272	wash	*wáskaną	wáskaną	wáskaną	stressed	final	wascan	1	1	1	wascan
2274	water	*wátōr	wátōr	wátōr	stressed	final	wæter	1	1	1	wæter
2276	wax	*wáxsaną	wáxsaną	wáxsaną	stressed	final	weaxan	1	1	1	weaxan
2275	wax	*wáxsą	wáxsą	wáxsą	stressed	final	weax	1	1	1	weax
2281	weave	*wébaną	wébaną	wébaną	stressed	final	wefan	1	1	1	wefan
2280	weather	*wédrą	wédrą	wédrą	stressed	final	weder	1	1	1	weder
2277	way	*wégaz	wégaz	wégaz	stressed	final	weġ	1	1	1	weġ
2292	will	*wéljaną	wéljaną	wéljaną	stressed	final	willan	1	1	1	willan
2293	will	*wéljô	wéljô	wéljô	stressed	final	willa	1	1	1	willa
2270	warp	*wérpaną	wérpaną	wérpaną	stressed	final	weorpan	1	1	1	weorpan
2279	weasel	*wéslōn	wéslōn	wéslōn	stressed	final	wesle	1	1	1	wesle
2282	west	*wéstanē	wéstanē	wéstanē	stressed	final	westene	1	1	1	westene
2291	wight	*wéxtiz	wéxtiz	wéxtiz	stressed	final	wiht	1	1	1	wiht
2288	widow	*wíduwōn	wíduwōn	wíduwōn	stressed	final	wuduwe	1	1	1	wuduwe
2294	wind	*wíndaną	wíndaną	wíndaną	stressed	final	windan	1	1	1	windan
2295	winter	*wíntruz	wíntruz	wíntruz	stressed	final	winter	1	1	1	winter
2302	world	*wír-àldu	wír-àldu	wír-àldu	stressed	final	weorold	1	1	1	weorold
2283	wether	*wíθrą	wíθrą	wíθrą	stressed	final	weþer	1	1	1	weþer
2298	wolf	*wúlfaz	wúlfaz	wúlfaz	stressed	final	wulf	1	1	0	wolf
2300	wool	*wúllō	wúllō	wúllō	stressed	final	wull	1	1	0	woll
2299	wonder	*wúndrą	wúndrą	wúndrą	stressed	final	wundor	1	1	1	wundor
2327	wound	*wúndōdē	wúndōdē	wúndōdē	stressed	final	wundude	1	1	1	wundude
2301	word	*wúrdą	wúrdą	wúrdą	stressed	final	word	1	1	1	word
2303	worm	*wúrmiz	wúrmiz	wúrmiz	stressed	final	wyrm	1	1	1	wyrm
2278	weapon	*wḗpną	wḗpną	wḗpną	stressed	final	wǣpn	1	1	1	wǣpn
2290	wife	*wḯbą	wḯbą	wḯbą	stressed	final	wīf	1	1	1	wīf
2296	withy	*wḯθagą	wḯθagą	wḯθagą	stressed	final	wīþiġ	1	1	1	wīþiġ
2092	laugh	*xláxjaną	xláxjaną	xláxjaną	stressed	final	hliehhan	1	1	1	hliehhan
2088	lade	*xláðaną	xláðaną	xláðaną	stressed	final	hladan	1	1	1	hladan
2100	lid	*xlídą	xlídą	xlídą	stressed	final	hlid	1	1	1	hlid
2134	neck	*xnékkô	xnékkô	xnékkô	stressed	final	hnecca	1	1	1	hnecca
2149	raven	*xrábnaz	xrábnaz	xrábnaz	stressed	final	hræfn	1	1	1	hræfn
2284	whale	*xwálaz	xwálaz	xwálaz	stressed	final	hwæl	1	1	1	hwæl
2322	who	*xwáz	xwáz	xwáz	stressed	final	hwā	1	1	1	hwā
2285	while	*xwḯlō	xwḯlō	xwḯlō	stressed	final	hwīl	1	1	1	hwīl
2286	whine	*xwḯnaną	xwḯnaną	xwḯnaną	stressed	final	hwīnan	1	1	1	hwīnan
2060	hawk	*xábukaz	xábukaz	xábukaz	stressed	final	hafoc	1	1	1	hafoc
2058	have	*xábēθi	xábēθi	xábēθi	stressed	final	hæfeþ	1	1	1	hæfeþ
2069	hedge	*xágjaz	xágjaz	xágjaz	stressed	final	heġġ	1	1	1	heġġ
2050	hail	*xáglą	xáglą	xáglą	stressed	final	hæġl	1	1	1	hæġl
2059	haw	*xágô	xágô	xágô	stressed	final	haga	1	1	1	haga
2064	heal	*xáilijaną	xáilijaną	xáilijaną	stressed	final	hǣlan	1	1	1	hǣlan
2078	home	*xáimaz	xáimaz	xáimaz	stressed	final	hām	1	1	1	hām
2067	heath	*xáiθiz	xáiθiz	xáiθiz	stressed	final	hǣþ	1	1	1	hǣþ
2077	hold	*xáldaną	xáldaną	xáldaną	stressed	final	healdan	1	1	1	healdan
2052	hall	*xállō	xállō	xállō	stressed	final	heall	1	1	1	heall
2053	hammer	*xámaras	xámaras	xámaras	stressed	final	hameres	1	1	1	hameres
2055	handle	*xándlōjaną	xándlōjaną	xándlōjaną	stressed	final	handlian	1	1	1	handlian
2054	hand	*xánduz	xánduz	xánduz	stressed	final	hand	1	1	1	hand
2057	harvest	*xárbistuz	xárbistuz	xárbistuz	stressed	final	hierfest	1	1	1	hierfest
2056	harm	*xármaz	xármaz	xármaz	stressed	final	hearm	1	1	1	hearm
2062	hazel	*xáslaz	xáslaz	xáslaz	stressed	final	hæsl	1	1	1	hæsl
2063	head	*xáubudą	xáubudą	xáubudą	stressed	final	hēafod	1	1	1	hēafod
2061	hay	*xáwją	xáwją	xáwją	stressed	final	hīeġ	1	1	1	hīeġ
2074	hew	*xáwwaną	xáwwaną	xáwwaną	stressed	final	hēawan	1	1	1	hēawan
2068	heaven	*xébun	xébun	xébun	stressed	final	heofon	1	1	1	heofon
2070	helm	*xélmaz	xélmaz	xélmaz	stressed	final	helm	1	1	1	helm
2071	help	*xélpaną	xélpaną	xélpaną	stressed	final	helpan	1	1	1	helpan
2072	help	*xélpō	xélpō	xélpō	stressed	final	help	1	1	1	help
2075	hind	*xéndjō	xéndjō	xéndjō	stressed	final	hind	1	1	1	hind
2073	herd	*xérdō	xérdō	xérdō	stressed	final	heord	1	1	1	heord
2065	heart	*xértōn	xértōn	xértōn	stressed	final	heorte	1	1	1	heorte
2066	hearth	*xérθaz	xérθaz	xérθaz	stressed	final	heorþ	1	1	1	heorþ
2332	hue	*xéwją	xéwją	xéwją	stressed	final	hīew	1	1	1	hīew
2079	honey	*xúnagą	xúnagą	xúnagą	stressed	final	huniġ	1	1	1	huniġ
2083	hound	*xúndaz	xúndaz	xúndaz	stressed	final	hund	1	1	1	hund
2082	horn	*xúrną	xúrną	xúrną	stressed	final	horn	1	1	1	horn
2076	hoard	*xúzdą	xúzdą	xúzdą	stressed	final	hord	1	1	1	hord
2080	hood	*xōdaz	xōdaz	xōdaz	stressed	final	hōd	1	1	1	hōd
2081	hoof	*xōfaz	xōfaz	xōfaz	stressed	final	hōf	1	1	1	hōf
2287	whore	*xōrōn	xōrōn	xōrōn	stressed	final	hōre	1	1	1	hōre
2051	hair	*xḗrą	xḗrą	xḗrą	stressed	final	hǣr	1	1	1	hǣr
2144	one	*áinaz	áinaz	áinaz	stressed	final	ān	1	1	1	ān
1999	earth	*érθōn	érθōn	érθōn	stressed	final	eorþe	1	1	1	eorþe
2000	eat	*étaną	étaną	étaną	stressed	final	etan	1	1	1	etan
2145	oven	*úfnaz	úfnaz	úfnaz	stressed	final	ofn	1	1	1	ofn
2146	ox	*úxsô	úxsô	úxsô	stressed	final	oxa	1	1	1	oxa
2254	three	*θréjez	θréjez	θréjez	stressed	final	þrīe	1	1	1	þrīe
2253	thrash	*θréskaną	θréskaną	θréskaną	stressed	final	þresċan	1	1	1	þresċan
2245	thatch	*θáką	θáką	θáką	stressed	final	þæc	1	1	1	þæc
2244	thanks	*θánkaz	θánkaz	θánkaz	stressed	final	þanc	1	1	1	þanc
2248	think	*θánkijaną	θánkijaną	θánkijaną	stressed	final	þenċan	1	1	1	þenċan
2330	thought	*θánxtē	θánxtē	θánxtē	stressed	final	þōhte	1	1	1	þōhte
2243	thane	*θégnaz	θégnaz	θégnaz	stressed	final	þeġn	1	1	1	þeġn
2246	thief	*θéubaz	θéubaz	θéubaz	stressed	final	þēof	1	1	1	þēof
2247	thing	*θíngą	θíngą	θíngą	stressed	final	þing	1	1	1	þing
2250	thistle	*θístilas	θístilas	θístilas	stressed	final	þistles	1	1	1	þistles
2255	thunder	*θúnraz	θúnraz	θúnraz	stressed	final	þunor	1	1	1	þunor
2251	thorn	*θúrnaz	θúrnaz	θúrnaz	stressed	final	þorn	1	1	1	þorn
2249	thirst	*θúrstuz	θúrstuz	θúrstuz	stressed	final	þurst	1	1	1	þurst
2252	thousand	*θūs-èndi	θūs-èndi	θūs-èndi	stressed	final	þūsend	1	1	1	þūsend
2326	you	*ízwiz	ízwiz	ᵘízwiz	unstressed	final	ēow	1	1	1	ēow
2001	eel	*ḗlaz	ḗlaz	ḗlaz	stressed	final	ǣl	1	1	1	ǣl
