row_id	concept	proto	proto_norm	counterpart	accepted	output_count	match	outputs
1943	begin	*bigínnaną	bigínnaną	beġinnan	1	1	1	beġinnan
1952	blood	*blōdą	blōdą	blōd	1	1	1	blōd
1965	brand	*brándas	brándas	brandes	1	1	1	brandes
1966	bread	*bráudą	bráudą	brēad	1	1	1	brēad
1967	break	*brékaną	brékaną	brecan	1	1	1	brecan
1974	burst	*bréstaną	bréstaną	berstan	1	1	1	berstan
1968	breast	*bréustą	bréustą	brēost	1	1	1	brēost
1971	bring	*brínganą	brínganą	bringan	1	1	1	bringan
1969	breeches	*brōkiz	brōkiz	brēċ	1	1	1	brēċ
1970	bride	*brūdiz	brūdiz	brȳd	1	1	1	brȳd
1972	brook	*brūkaną	brūkaną	brūcan	1	1	1	brūcan
1954	bone	*báiną	báiną	bān	1	1	1	bān
1934	bake	*bákaną	bákaną	bacan	1	1	1	bacan
1945	belly	*bálgiz	bálgiz	bielġ	1	1	1	bielġ
1936	ban	*bánnas	bánnas	bannes	1	1	1	bannes
1940	beard	*bárdaz	bárdaz	beard	1	1	1	beard
1938	bast	*bástą	bástą	bæst	1	1	1	bæst
1962	bow	*báug	báug	bēag	1	1	1	bēag
1961	bow	*báugijaną	báugijaną	bīeġan	1	1	1	bīeġan
1946	berry	*bázjas	bázjas	berġes	1	1	1	berġes
1939	bath	*báθą	báθą	bæþ	1	1	1	bæþ
1941	beaver	*bébruz	bébruz	befer	1	1	1	befer
1937	barrow	*bérgą	bérgą	beorg	1	1	1	beorg
1950	bind	*bíndaną	bíndaną	bindan	1	1	1	bindan
1963	bow	*búgô	búgô	boga	1	1	1	boga
1973	buck	*búkkaz	búkkaz	bucc	1	1	0	bocc
1951	birth	*búrdiz	búrdiz	byrd	1	1	1	byrd
1953	board	*búrdą	búrdą	bord	1	1	1	bord
2311	bore (iptv.2sg)	*búrô	búrô	bora	1	1	1	bora
1956	bore	*búrōjaną	búrōjaną	borian	1	1	1	borian
2312	bore (3sg)	*búrōθi	búrōθi	boraþ	1	1	1	boraþ
1959	bottom	*búttmaz	búttmaz	botm	1	1	1	botm
1958	both	*bō	bō	bū	1	1	1	bū
1960	bough	*bōguz	bōguz	bōg	1	1	1	bōg
1955	book	*bōkz	bōkz	bōc	1	1	1	bōc
1942	beech	*bōkō	bōkō	bōc	1	1	1	bōc
1957	bosom	*bōsmaz	bōsmaz	bōsm	1	1	1	bōsm
1964	bower	*būrą	būrą	būr	1	1	1	būr
1949	bier	*bḗrō	bḗrō	bǣr	1	1	1	bǣr
1996	drench	*dránkiz	dránkiz	drenċ	1	1	1	drenċ
1995	dream	*dráugmaz	dráugmaz	drēam	1	1	1	drēam
1997	drink	*drínkaną	drínkaną	drincan	1	1	1	drincan
1998	drive	*drḯbaną	drḯbaną	drīfan	1	1	1	drīfan
1985	day	*dágaz	dágaz	dæġ	1	1	1	dæġ
1993	dough	*dáigaz	dáigaz	dāg	1	1	1	dāg
1986	deal	*dáiliz	dáiliz	dǣl	1	1	1	dǣl
1984	dale	*dálaz	dálaz	dæl	1	1	1	dæl
1989	dew	*dáwwō	dáwwō	dēaw	1	1	1	dēaw
1990	dill	*déliz	déliz	dile	1	1	1	dile
1988	deer	*déuzą	déuzą	dēor	1	1	1	dēor
1992	door	*dúrą	dúrą	dor	1	1	1	dor
1991	do	*dōną	dōną	dōn	1	1	1	dōn
1987	deed	*dḗdiz	dḗdiz	dǣd	1	1	1	dǣd
2020	flesh	*fláiskiz	fláiskiz	flǣsċ	1	1	1	flǣsċ
2016	flask	*fláskōn	fláskōn	flasce	1	1	1	flasce
2018	flea	*fláuxz	fláuxz	flēah	1	1	1	flēah
2017	flax	*fláxsą	fláxsą	fleax	1	1	1	fleax
2022	fly	*fléuganą	fléuganą	flēogan	1	1	1	flēogan
2019	flee	*fléuxaną	fléuxaną	flēon	1	1	1	flēon
2021	flood	*flōduz	flōduz	flōd	1	1	1	flōd
2032	freeze	*fréusaną	fréusaną	frēosan	1	1	1	frēosan
2033	friend	*fríjōndz	fríjōndz	frēond	1	1	1	frēond
2035	frost	*frústą	frústą	forst	1	1	1	forst
2005	father	*fádēr	fádēr	fæder	1	1	1	fæder
2002	fall	*fállaną	fállaną	feallan	1	1	1	feallan
2025	fold	*fálθaną	fálθaną	fealdan	1	1	1	fealdan
2003	fare	*fáraną	fáraną	faran	1	1	1	faran
2008	fern	*fárnaz	fárnaz	fearn	1	1	1	fearn
2004	fast	*fástijaną	fástijaną	festan	1	1	1	festan
2029	four	*fédwōr	fédwōr	fēower	1	1	1	fēower
2007	fell	*féllą	féllą	fell	1	1	1	fell
2009	field	*félθuz	félθuz	feld	1	1	1	feld
2010	fight	*féxtaną	féxtaną	feohtan	1	1	1	feohtan
2006	fee	*féxu	féxu	feoh	1	1	1	feoh
2012	finger	*fíngraz	fíngraz	finger	1	1	1	finger
2014	fish	*fískaz	fískaz	fisċ	1	1	1	fisċ
2030	fowl	*fúglaz	fúglaz	fugol	1	1	0	fogol
2027	follow	*fúlgijaną	fúlgijaną	fylġan	1	1	1	fylġan
2026	folk	*fúlką	fúlką	folc	1	1	1	folc
2023	foal	*fúlô	fúlô	fola	1	1	1	fola
2015	fist	*fúnxstiz	fúnxstiz	fȳst	1	1	1	fȳst
2011	find	*fúnðanǭ	fúnðanǭ	fundene	1	1	1	fundene
2036	furrow	*fúrx	fúrx	furh	1	1	1	furh
2034	fright	*fúrxtīnaz	fúrxtīnaz	fyrhte	1	1	1	fyrhte
2031	fox	*fúxsaz	fúxsaz	fox	1	1	1	fox
2024	fodder	*fōdrą	fōdrą	fōdor	1	1	1	fōdor
2013	fire	*fūri	fūri	fȳre	1	1	0	fȳr
1944	believe	*galáubijaną	galáubijaną	ġelīefan	1	1	1	ġelīefan
2046	grave	*grábaną	grábaną	grafan	1	1	1	grafan
2045	grass	*grásą	grásą	græs	1	1	1	græs
2048	ground	*grúnduz	grúnduz	grund	1	1	1	grund
2047	gripe	*grḯpaną	grḯpaną	grīpan	1	1	1	grīpan
2039	ghost	*gáistaz	gáistaz	gāst	1	1	1	gāst
2037	gall	*gállô	gállô	ġealla	1	1	1	ġealla
2038	gang	*gángaz	gángaz	gang	1	1	1	gang
2044	goose	*gánsz	gánsz	gōs	1	1	1	gōs
2305	yarn	*gárną	gárną	ġearn	1	1	1	ġearn
2049	guest	*gástiz	gástiz	ġiest	1	1	1	ġiest
2041	give	*gébaną	gébaną	ġiefan	1	1	1	ġiefan
2040	gift	*gíftiz	gíftiz	ġift	1	1	1	ġift
2042	god	*gúdą	gúdą	god	1	1	1	god
2043	gold	*gúlθą	gúlθą	gold	1	1	1	gold
2308	youth	*júgunθ	júgunθ	ġeoguþ	1	1	1	ġeoguþ
2307	yoke	*júką	júką	ġeoc	1	1	1	ġeoc
2306	year	*jḗrą	jḗrą	ġēar	1	1	1	ġēar
1977	climb	*klímbaną	klímbaną	climban	1	1	1	climban
2084	knead	*knédaną	knédaną	cnedan	1	1	1	cnedan
2085	knee	*knéwą	knéwą	cnēow	1	1	1	cnēow
2086	knight	*knéxtaz	knéxtaz	cniht	1	1	1	cniht
2087	knob	*knúbbô	knúbbô	cnobba	1	1	1	cnobba
1981	craft	*kráftaz	kráftaz	cræft	1	1	1	cræft
1982	crop	*krúppaz	krúppaz	cropp	1	1	1	cropp
1983	cud	*kwéðuz	kwéðuz	cwedu	1	1	1	cwedu
1975	calf	*kálbaz	kálbaz	ċealf	1	1	1	ċealf
1978	comb	*kámbaz	kámbaz	camb	1	1	1	camb
1976	chew	*kéwwaną	kéwwaną	ċēowan	1	1	1	ċēowan
1979	corn	*kúrną	kúrną	corn	1	1	1	corn
1980	cow	*kūi	kūi	cȳ	1	1	1	cȳ
2093	lead	*láidijaną	láidijaną	lǣdan	1	1	1	lǣdan
2109	loam	*láimą	láimą	lām	1	1	1	lām
2091	last	*láistijaną	láistijaną	lǣstan	1	1	1	lǣstan
2110	loath	*láiθaz	láiθaz	lāþ	1	1	1	lāþ
2089	land	*lándą	lándą	land	1	1	1	land
2090	lap	*láppô	láppô	lappa	1	1	1	lappa
2094	leaf	*láubą	láubą	lēaf	1	1	1	lēaf
2116	lye	*láugō	láugō	lēag	1	1	1	lēag
2097	leek	*láukaz	láukaz	lēac	1	1	1	lēac
2028	forlorn	*léusaną	léusaną	lēosan	1	1	1	lēosan
2102	light	*léuxtijaną	léuxtijaną	līehtan	1	1	1	līehtan
2096	leather	*léθrą	léθrą	leþer	1	1	1	leþer
2108	liver	*líbrō	líbrō	lifer	1	1	1	lifer
2107	live	*líbēθi	líbēθi	lifeþ	1	1	1	lifeþ
2315	lick (iptv.2sg)	*líkkô	líkkô	licca	1	1	1	licca
2099	lick	*líkkōjaną	líkkōjaną	liccian	1	1	1	liccian
2316	lick (3sg)	*líkkōθi	líkkōθi	liccaþ	1	1	1	liccaþ
2104	linden	*líndō	líndō	lind	1	1	1	lind
2313	learn (iptv.2sg)	*líznô	líznô	liorna	1	1	1	liorna
2095	learn	*líznōjaną	líznōjaną	liornian	1	1	1	liornian
2314	learn (3sg)	*líznōθi	líznōθi	liornaþ	1	1	1	liornaþ
2112	lock	*lúkkaz	lúkkaz	locc	1	1	1	locc
2111	lock	*lúką	lúką	loc	1	1	1	loc
2114	lung	*lúnganjō	lúnganjō	lungen	1	1	1	lungen
2115	lust	*lústuz	lústuz	lust	1	1	1	lust
2113	louse	*lūsz	lūsz	lūs	1	1	1	lūs
2098	let	*lḗtaną	lḗtaną	lǣtan	1	1	1	lǣtan
2329	betray	*lḗwijaną	lḗwijaną	lǣwan	1	1	1	lǣwan
2101	life	*lḯbą	lḯbą	līf	1	1	1	līf
2103	lime	*lḯmą	lḯmą	līm	1	1	1	līm
2105	line	*lḯnōn	lḯnōn	līne	1	1	1	līne
2106	list	*lḯstōn	lḯstōn	līste	1	1	1	līste
2123	mean	*máinijaną	máinijaną	mǣnan	1	1	1	mǣnan
2309	make (iptv.2sg)	*mákô	mákô	maca	1	1	1	maca
2117	make	*mákōjaną	mákōjaną	macian	1	1	1	macian
2310	make (3sg)	*mákōθi	mákōθi	macaþ	1	1	1	macaþ
2118	malt	*máltaz	máltaz	mealt	1	1	1	mealt
2119	man	*mánnas	mánnas	mannes	1	1	1	mannes
2120	march	*márkō	márkō	mearc	1	1	1	mearc
2141	nightmare	*márōn	márōn	mare	1	1	1	mare
2121	mast	*mástaz	mástaz	mæst	1	1	1	mæst
2125	might	*máxtiz	máxtiz	miht	1	1	1	miht
2126	milk	*mélukz	mélukz	meoloc	1	1	1	meoloc
2124	meed	*mízdai	mízdai	meorde	1	1	1	meorde
2128	mood	*mōdaz	mōdaz	mōd	1	1	1	mōd
2129	mother	*mōdēr	mōdēr	mōder	1	1	1	mōder
2122	meal	*mḗlą	mḗlą	mǣl	1	1	1	mǣl
2127	month	*mḗnōθz	mḗnōθz	mōnaþ	1	1	1	mōnaþ
2133	navel	*nábulô	nábulô	nafola	1	1	1	nafola
2132	nave	*nábō	nábō	nafu	1	1	1	nafu
2130	nail	*náglaz	náglaz	næġl	1	1	1	næġl
2131	name	*námô	námô	nama	1	1	1	nama
2139	nettle	*nátilōn	nátilōn	netle	1	1	1	netle
2138	net	*nátją	nátją	nett	1	1	1	nett
2135	need	*náudiz	náudiz	nīed	1	1	1	nīed
2140	night	*náxti	náxti	niht	1	1	1	niht
2142	nine	*nígun	nígun	nigon	1	1	1	nigon
2137	nest	*nístą	nístą	nest	1	1	1	nest
2143	nose	*núsō	núsō	nosu	1	1	1	nosu
1933	adder	*nḗdrōn	nḗdrōn	nǣdre	1	1	1	nǣdre
2136	needle	*nḗðlō	nḗðlō	nǣdl	1	1	1	nǣdl
2159	rope	*ráipą	ráipą	rāp	1	1	1	rāp
2152	rest	*rástōz	rástōz	ræste	1	1	1	ræste
2151	reek	*ráukaz	ráukaz	rēac	1	1	1	rēac
2148	rainbow	*régna-bùgô	régna-bùgô	reġnboga	1	1	1	reġnboga
2147	rain	*régną	régną	reġn	1	1	1	reġn
2154	rind	*ríndō	ríndō	rind	1	1	1	rind
2161	run	*rínnaną	rínnaną	rinnan	1	1	1	rinnan
2163	rye	*rúgiz	rúgiz	ryġe	1	1	1	ryġe
2155	coat	*rúkkaz	rúkkaz	rocc	1	1	1	rocc
2162	rust	*rústō	rústō	rust	1	1	0	rost
2157	rood	*rōdō	rōdō	rōd	1	1	1	rōd
2160	rudder	*rōθraz	rōθraz	rōþor	1	1	1	rōþor
2158	room	*rūmą	rūmą	rūm	1	1	1	rūm
2150	read	*rḗdaną	rḗdaną	rǣdan	1	1	1	rǣdan
2153	ride	*rḯdaną	rḯdaną	rīdan	1	1	1	rīdan
2175	shaft	*skáftą	skáftą	sċeaft	1	1	1	sċeaft
2178	sheath	*skáiθiz	skáiθiz	sċēaþ	1	1	1	sċēaþ
2176	shame	*skámō	skámō	sċamu	1	1	1	sċamu
2184	shove	*skáub	skáub	sċēaf	1	1	1	sċēaf
2317	show (iptv.2sg)	*skáwô	skáwô	sċēawa	1	1	1	sċēawa
2186	show	*skáwōjaną	skáwōjaną	sċēawian	1	1	1	sċēawian
2318	show (3sg)	*skáwōθi	skáwōθi	sċēawaþ	1	1	1	sċēawaþ
2180	shield	*skélduz	skélduz	sċield	1	1	1	sċield
2177	shear	*skéraną	skéraną	sċieran	1	1	1	sċieran
2181	shilling	*skíllingaz	skíllingaz	sċilling	1	1	1	sċilling
2185	shovel	*skúflō	skúflō	sċofl	1	1	1	sċofl
2183	shoulder	*skúldramiz	skúldramiz	sċuldrum	1	1	1	sċuldrum
2187	shower	*skūrō	skūrō	sċūr	1	1	1	sċūr
2179	sheep	*skḗpą	skḗpą	sċēap	1	1	1	sċēap
2182	shine	*skḯnaną	skḯnaną	sċīnan	1	1	1	sċīnan
2195	slay	*sláxaną	sláxaną	slēan	1	1	1	slēan
2196	sleep	*slḗpaną	slḗpaną	slǣpan	1	1	1	slǣpan
2197	slime	*slḯmą	slḯmą	slīm	1	1	1	slīm
2198	smear	*smérwijaną	smérwijaną	smierwan	1	1	1	smierwan
2199	snow	*snáiwaz	snáiwaz	snāw	1	1	1	snāw
2210	spread	*spráidijaną	spráidijaną	sprǣdan	1	1	1	sprǣdan
2203	span	*spánnai	spánnai	spanne	1	1	1	spanne
2202	span	*spánnaną	spánnaną	spannan	1	1	1	spannan
2204	spar	*spárrô	spárrô	spearra	1	1	1	spearra
2205	spare	*spárōjaną	spárōjaną	sparian	1	1	1	sparian
2208	spindle	*spénnilō	spénnilō	spinl	1	1	1	spinl
2206	spear	*spéru	spéru	speoru	1	1	1	speoru
2207	spin	*spínnaną	spínnaną	spinnan	1	1	1	spinnan
2211	spur	*spúrô	spúrô	spora	1	1	1	spora
2209	spoon	*spḗnuz	spḗnuz	spōn	1	1	1	spōn
2226	stretch	*strákkijaną	strákkijaną	streċċan	1	1	1	streċċan
2228	string	*strángiz	strángiz	strenġ	1	1	1	strenġ
2225	stream	*stráumaz	stráumaz	strēam	1	1	1	strēam
2227	strew	*stráwjaną	stráwjaną	strīeġan	1	1	1	strīeġan
2224	straw	*stráwą	stráwą	strēaw	1	1	1	strēaw
2212	staff	*stábaz	stábaz	stæf	1	1	1	stæf
2220	stone	*stáinaz	stáinaz	stān	1	1	1	stān
2216	stem	*stámniz	stámniz	stefn	1	1	1	stefn
2215	steal	*stélaną	stélaną	stelan	1	1	1	stelan
2217	still	*stéllijaną	stéllijaną	stillan	1	1	1	stillan
2214	starve	*stérbaną	stérbaną	steorfan	1	1	1	steorfan
2219	stock	*stúkkaz	stúkkaz	stocc	1	1	1	stocc
2222	stork	*stúrkaz	stúrkaz	storc	1	1	1	storc
2223	storm	*stúrmaz	stúrmaz	storm	1	1	1	storm
2213	start	*stúrtijaną	stúrtijaną	styrtan	1	1	1	styrtan
2229	stud	*stōdą	stōdą	stōd	1	1	1	stōd
2221	stool	*stōlaz	stōlaz	stōl	1	1	1	stōl
2234	swallow	*swálwōn	swálwōn	swealwe	1	1	1	swealwe
2235	swan	*swánas	swánas	swanes	1	1	1	swanes
2236	swell	*swéllaną	swéllaną	swellan	1	1	1	swellan
2239	sword	*swérdą	swérdą	sweord	1	1	1	sweord
2192	sister	*swéstēr	swéstēr	swester	1	1	1	swester
2237	swim	*swímmaną	swímmaną	swimman	1	1	1	swimman
2238	swine	*swḯną	swḯną	swīn	1	1	1	swīn
2201	soul	*sáiwalō	sáiwalō	sāwol	1	1	1	sāwol
2169	sea	*sáiwiz	sáiwiz	sǣ	1	1	1	sǣ
2165	sake	*sákō	sákō	sacu	1	1	1	sacu
2167	salve	*sálbō	sálbō	sealf	1	1	1	sealf
2166	salt	*sáltą	sáltą	sealt	1	1	1	sealt
2172	send	*sándijaną	sándijaną	sendan	1	1	1	sendan
2191	singe	*sángijaną	sángijaną	senġan	1	1	1	senġan
2168	sap	*sápą	sápą	sæp	1	1	1	sæp
2173	set	*sátjaną	sátjaną	settan	1	1	1	settan
2170	seam	*sáumaz	sáumaz	sēam	1	1	1	sēam
2174	seven	*sébun	sébun	seofon	1	1	1	seofon
2164	sail	*séglą	séglą	seġl	1	1	1	seġl
2193	sit	*sétjaną	sétjaną	sittan	1	1	1	sittan
2194	six	*séxs	séxs	six	1	1	1	six
2189	sieve	*síbi	síbi	sife	1	1	1	sife
2190	sing	*síngwaną	síngwaną	singan	1	1	1	singan
2230	summer	*súmaraz	súmaraz	sumer	1	1	1	sumer
2232	sunder	*súndrōjaną	súndrōjaną	sundrian	1	1	1	sundrian
2231	sun	*súnnōn	súnnōn	sunne	1	1	1	sunne
2200	sorrow	*súrgō	súrgō	sorg	1	1	1	sorg
2171	seek	*sōkijaną	sōkijaną	sēċan	1	1	1	sēċan
2233	sup	*sūpaną	sūpaną	sūpan	1	1	1	sūpan
2328	sow	*sḗaną	sḗaną	sāwan	1	1	1	sāwan
2188	side	*sḯdōn	sḯdōn	sīde	1	1	1	sīde
2264	tread	*trédaną	trédaną	tredan	1	1	1	tredan
2265	trough	*trúgą	trúgą	trog	1	1	1	trog
2260	token	*táikną	táikną	tācn	1	1	1	tācn
2259	toe	*táixōn	táixōn	tā	1	1	1	tā
2261	tongs	*tángō	tángō	tang	1	1	1	tang
2240	tap	*táppô	táppô	tæppa	1	1	0	tappa
2241	team	*táugmaz	táugmaz	tēam	1	1	1	tēam
2242	ten	*téxun	téxun	tēon	1	1	1	tēon
2256	tick	*tíkkô	tíkkô	ticca	1	1	1	ticca
2258	timber	*tímbrą	tímbrą	timber	1	1	1	timber
2262	tongue	*túngōn	túngōn	tunge	1	1	1	tunge
2263	town	*tūną	tūną	tūn	1	1	1	tūn
2257	tide	*tḯdiz	tḯdiz	tīd	1	1	1	tīd
2304	wring	*wrínganą	wrínganą	wringan	1	1	1	wringan
2273	wasp	*wábsaz	wábsaz	wæfs	1	1	1	wæfs
2266	wade	*wádaną	wádaną	wadan	1	1	1	wadan
2267	wain	*wágnaz	wágnaz	wæġn	1	1	1	wæġn
2268	wake	*wákaną	wákaną	wacan	1	1	1	wacan
2289	wield	*wáldaną	wáldaną	wealdan	1	1	1	wealdan
2297	wold	*wálθuz	wálθuz	weald	1	1	1	weald
2269	warp	*wárpą	wárpą	wearp	1	1	1	wearp
2271	wart	*wártōn	wártōn	wearte	1	1	1	wearte
2272	wash	*wáskaną	wáskaną	wascan	1	1	1	wascan
2274	water	*wátōr	wátōr	wæter	1	1	1	wæter
2276	wax	*wáxsaną	wáxsaną	weaxan	1	1	1	weaxan
2275	wax	*wáxsą	wáxsą	weax	1	1	1	weax
2281	weave	*wébaną	wébaną	wefan	1	1	1	wefan
2280	weather	*wédrą	wédrą	weder	1	1	1	weder
2277	way	*wégaz	wégaz	weġ	1	1	1	weġ
2292	will	*wéljaną	wéljaną	willan	1	1	1	willan
2293	will	*wéljô	wéljô	willa	1	1	1	willa
2270	warp	*wérpaną	wérpaną	weorpan	1	1	1	weorpan
2279	weasel	*wéslōn	wéslōn	wesle	1	1	1	wesle
2282	west	*wéstanē	wéstanē	westene	1	1	1	westene
2291	wight	*wéxtiz	wéxtiz	wiht	1	1	1	wiht
2288	widow	*wíduwōn	wíduwōn	wuduwe	1	1	1	wuduwe
2294	wind	*wíndaną	wíndaną	windan	1	1	1	windan
2295	winter	*wíntruz	wíntruz	winter	1	1	1	winter
2302	world	*wír-àldu	wír-àldu	weorold	1	1	1	weorold
2283	wether	*wíθrą	wíθrą	weþer	1	1	1	weþer
2298	wolf	*wúlfaz	wúlfaz	wulf	1	1	0	wolf
2300	wool	*wúllō	wúllō	wull	1	1	0	woll
2299	wonder	*wúndrą	wúndrą	wundor	1	1	1	wundor
2327	wound	*wúndōdē	wúndōdē	wundude	1	1	1	wundude
2301	word	*wúrdą	wúrdą	word	1	1	1	word
2303	worm	*wúrmiz	wúrmiz	wyrm	1	1	1	wyrm
2278	weapon	*wḗpną	wḗpną	wǣpn	1	1	1	wǣpn
2290	wife	*wḯbą	wḯbą	wīf	1	1	1	wīf
2296	withy	*wḯθagą	wḯθagą	wīþiġ	1	1	1	wīþiġ
2092	laugh	*xláxjaną	xláxjaną	hliehhan	1	1	1	hliehhan
2088	lade	*xláðaną	xláðaną	hladan	1	1	1	hladan
2100	lid	*xlídą	xlídą	hlid	1	1	1	hlid
2134	neck	*xnékkô	xnékkô	hnecca	1	1	1	hnecca
2149	raven	*xrábnaz	xrábnaz	hræfn	1	1	1	hræfn
2284	whale	*xwálaz	xwálaz	hwæl	1	1	1	hwæl
2322	who	*xwáz	xwáz	hwā	1	1	1	hwā
2285	while	*xwḯlō	xwḯlō	hwīl	1	1	1	hwīl
2286	whine	*xwḯnaną	xwḯnaną	hwīnan	1	1	1	hwīnan
2060	hawk	*xábukaz	xábukaz	hafoc	1	1	1	hafoc
2058	have	*xábēθi	xábēθi	hæfeþ	1	1	1	hæfeþ
2069	hedge	*xágjaz	xágjaz	heġġ	1	1	1	heġġ
2050	hail	*xáglą	xáglą	hæġl	1	1	1	hæġl
2059	haw	*xágô	xágô	haga	1	1	1	haga
2064	heal	*xáilijaną	xáilijaną	hǣlan	1	1	1	hǣlan
2078	home	*xáimaz	xáimaz	hām	1	1	1	hām
2067	heath	*xáiθiz	xáiθiz	hǣþ	1	1	1	hǣþ
2077	hold	*xáldaną	xáldaną	healdan	1	1	1	healdan
2052	hall	*xállō	xállō	heall	1	1	1	heall
2053	hammer	*xámaras	xámaras	hameres	1	1	1	hameres
2055	handle	*xándlōjaną	xándlōjaną	handlian	1	1	1	handlian
2054	hand	*xánduz	xánduz	hand	1	1	1	hand
2057	harvest	*xárbistuz	xárbistuz	hierfest	1	1	1	hierfest
2056	harm	*xármaz	xármaz	hearm	1	1	1	hearm
2062	hazel	*xáslaz	xáslaz	hæsl	1	1	1	hæsl
2063	head	*xáubudą	xáubudą	hēafod	1	1	1	hēafod
2061	hay	*xáwją	xáwją	hīeġ	1	1	1	hīeġ
2074	hew	*xáwwaną	xáwwaną	hēawan	1	1	1	hēawan
2068	heaven	*xébun	xébun	heofon	1	1	1	heofon
2070	helm	*xélmaz	xélmaz	helm	1	1	1	helm
2071	help	*xélpaną	xélpaną	helpan	1	1	1	helpan
2072	help	*xélpō	xélpō	help	1	1	1	help
2075	hind	*xéndjō	xéndjō	hind	1	1	1	hind
2073	herd	*xérdō	xérdō	heord	1	1	1	heord
2065	heart	*xértōn	xértōn	heorte	1	1	1	heorte
2066	hearth	*xérθaz	xérθaz	heorþ	1	1	1	heorþ
2332	hue	*xéwją	xéwją	hīew	1	1	1	hīew
2079	honey	*xúnagą	xúnagą	huniġ	1	1	1	huniġ
2083	hound	*xúndaz	xúndaz	hund	1	1	1	hund
2082	horn	*xúrną	xúrną	horn	1	1	1	horn
2076	hoard	*xúzdą	xúzdą	hord	1	1	1	hord
2080	hood	*xōdaz	xōdaz	hōd	1	1	1	hōd
2081	hoof	*xōfaz	xōfaz	hōf	1	1	1	hōf
2287	whore	*xōrōn	xōrōn	hōre	1	1	1	hōre
2051	hair	*xḗrą	xḗrą	hǣr	1	1	1	hǣr
2144	one	*áinaz	áinaz	ān	1	1	1	ān
1999	earth	*érθōn	érθōn	eorþe	1	1	1	eorþe
2000	eat	*étaną	étaną	etan	1	1	1	etan
2326	you	*ízwiz	ízwiz	ēow	1	1	1	ēow
2145	oven	*úfnaz	úfnaz	ofn	1	1	1	ofn
2146	ox	*úxsô	úxsô	oxa	1	1	1	oxa
2254	three	*θréjez	θréjez	þrīe	1	1	1	þrīe
2253	thrash	*θréskaną	θréskaną	þresċan	1	1	1	þresċan
2245	thatch	*θáką	θáką	þæc	1	1	1	þæc
2244	thanks	*θánkaz	θánkaz	þanc	1	1	1	þanc
2248	think	*θánkijaną	θánkijaną	þenċan	1	1	1	þenċan
2330	thought	*θánxtē	θánxtē	þōhte	1	1	1	þōhte
2243	thane	*θégnaz	θégnaz	þeġn	1	1	1	þeġn
2246	thief	*θéubaz	θéubaz	þēof	1	1	1	þēof
2247	thing	*θíngą	θíngą	þing	1	1	1	þing
2250	thistle	*θístilas	θístilas	þistles	1	1	1	þistles
2255	thunder	*θúnraz	θúnraz	þunor	1	1	1	þunor
2251	thorn	*θúrnaz	θúrnaz	þorn	1	1	1	þorn
2249	thirst	*θúrstuz	θúrstuz	þurst	1	1	1	þurst
2252	thousand	*θūs-èndi	θūs-èndi	þūsend	1	1	1	þūsend
2001	eel	*ḗlaz	ḗlaz	ǣl	1	1	1	ǣl
