position	foma_identifier	origin_block
1	PGmcNasalLossBeforeX	EnglishProtoToOE
2	RootNounNomZLoss	EnglishProtoToOE
3	PNWGmcUnstressedAiMonophthongization	EarlyEnglishLineChanges
4	PNWGmcAToUBeforeM	EarlyEnglishLineChanges
5	PNWGmcLongELowering	EarlyEnglishLineChanges
6	PWGmcEarlyIApocope	EarlyEnglishLineChanges
7	PWGmcFinalOrLowering	EarlyEnglishLineChanges
8	PWGmcCoronalWAssimilation	EarlyEnglishLineChanges
9	OEWWSimplification	EarlyEnglishLineChanges
10	PWGmcIjContraction	EarlyEnglishLineChanges
11	PWGmcJGemination	EarlyEnglishLineChanges
12	PWGmcSyllabicJ	EarlyEnglishLineChanges
13	PNWGmcPreconsonantalXLoss	EarlyEnglishLineChanges
14	EAFLThVoicing	EarlyEnglishLineChanges
15	PWGmcDentalHardening	EarlyEnglishLineChanges
16	PNWGmcILowering	EnglishProtoToOE
17	PNWGmcULowering	EnglishProtoToOE
18	PNWGmcStressedMonosyllableORaising	EnglishProtoToOE
19	PNWGmcFinalLongORaising	EnglishProtoToOE
20	EAFFinalZDeletion	EnglishProtoToOE
21	PWGmcUnstressedWordFinalIApocope	EnglishProtoToOE
22	MonosyllabicFinalZLoss	EnglishProtoToOE
23	EAFRhotacism	EnglishProtoToOE
24	PNWGmcMnDissimilation	EnglishProtoToOE
25	PNWGmcNStemNLoss	EnglishProtoToOE
26	EAFNasalSpirantLengthening	EnglishProtoToOE
27	EAFNasalSpirantLoss	EnglishProtoToOE
28	EAFHiatusWInsertion	EnglishProtoToOE
29	EAFLongANasalRounding	EnglishProtoToOE
30	EAFNasalizedLowRounding	EnglishProtoToOE
31	EAFLongAFronting	EnglishProtoToOE
32	EAFAiMonophthongization	EnglishProtoToOE
33	OEAwwjResolution	EnglishProtoToOE
34	OEAuBrightening	EnglishProtoToOE
35	OEEwLongDiphthong	EnglishProtoToOE
36	OEJWWSimplification	EnglishProtoToOE
37	OEJGlideIO	EnglishProtoToOE
38	OEDiphthongLeveling	EnglishProtoToOE
39	OEAwLongDiphthong	EnglishProtoToOE
40	OEPrefixAReduction	EnglishProtoToOE
41	OEInterStressRaising	EnglishProtoToOE
42	OECompoundLinkingSyncope	EnglishProtoToOE
43	OEStripSecondaryStress	EnglishProtoToOE
44	OEWICombinativeUUmlaut	EnglishProtoToOE
45	PWGmcFinalBareALoss	EnglishProtoToOE
46	PWGmcSurvivingBimoricOUnrounding	EnglishProtoToOE
47	EAFBrighteningUnstressed	EnglishProtoToOE
48	EAFBrightening	EnglishProtoToOE
49	EAFBrighteningLongFinal	EnglishProtoToOE
50	OEBreaking	EnglishProtoToOE
51	OEVelarFricativePalatalization	EnglishProtoToOE
52	OEARestoration	EnglishProtoToOE
53	OEHeavySyllableNasalApocope	EnglishProtoToOE
54	OESecondaryNasalization	EnglishProtoToOE
55	PGmcBAllophony	EnglishProtoToOE
56	SieversLawSyncope	EnglishProtoToOE
57	OESkPalatalization	EnglishProtoToOE
58	OEVelarPalatalization	EnglishProtoToOE
59	OEPostVelarWLoss	EnglishProtoToOE
60	OEWLossBeforeI	EnglishProtoToOE
61	OEWsPalatalDiphthongization	EnglishProtoToOE
62	OEIUmlaut	EnglishProtoToOE
63	OELatePalatalDiphthong	EnglishProtoToOE
64	OEJClusterCoalescence	EnglishProtoToOE
65	OEBackMutation	EnglishProtoToOE
66	OEWsPalatalUmlaut	EnglishProtoToOE
67	OEWeakTailNasalLoss	EnglishProtoToOE
68	OEWeightMarkers	EnglishProtoToOE
69	OEHighVowelApocope	EnglishProtoToOE
70	NWGmcInStemNLoss	EnglishProtoToOE
71	OEMedialSyncope	EnglishProtoToOE
72	OELAdjacentSyncope	EnglishProtoToOE
73	OEDentalAssimilation	EnglishProtoToOE
74	OEPreconsonantalDegemination	EnglishProtoToOE
75	OEEarlyOShortening	EnglishProtoToOE
76	OEUnstressedFrontingEarly	EnglishProtoToOE
77	OELateOShortening	EnglishProtoToOE
78	OEMedUnstressedORaising	EnglishProtoToOE
79	OEFinalUnstressedOLowering	EnglishProtoToOE
80	OEUnstressedLongVowelShortening	EnglishProtoToOE
81	OEUnstressedAEMerger	EnglishProtoToOE
82	OEMedUnstressedILowering1	EnglishProtoToOE
83	OEMedUnstressedILowering	EnglishProtoToOE
84	OEMedUnstressedULowering	EnglishProtoToOE
85	OEPrefixIReduction	EnglishProtoToOE
86	OEWeakTailReduction	EnglishProtoToOE
87	OEJLossAfterHeavy	EnglishProtoToOE
88	OEFinalGeminateSimplification	EnglishProtoToOE
89	OEJStrengtheningAfterFrontDiphthong	EnglishProtoToOE
90	OEIntervocalicJVocalization	EnglishProtoToOE
91	OEUnstressedEIContraction	EnglishProtoToOE
92	OEWeightCleanup	EnglishProtoToOE
93	OEHLoss	EnglishProtoToOE
94	OEContraction	EnglishProtoToOE
95	OERMetathesis	EnglishProtoToOE
96	OEEpentheticVowel	OldEnglishAfterEpenthesis
97	OELateUnstressedAgSuffix	OldEnglishRules
98	OEPalatalFricativeMerger	OldEnglishRules
99	OECjCleanup	OldEnglishRules
100	OEXsMerge	OldEnglishRules
101	OldEnglishOrthography	OldEnglishRules
102	OEWsPalatalGlide	OldEnglishRules
103	OldEnglishRemoveStars	OldEnglishRules
