earlier_rule	later_rule	commute
RootNounNomZLoss	PWGmcEarlyIApocope	yes
RootNounNomZLoss	PWGmcFinalOrLowering	yes
RootNounNomZLoss	PWGmcCoronalWAssimilation	yes
RootNounNomZLoss	OEWWSimplification	yes
RootNounNomZLoss	PWGmcIjContraction	no
RootNounNomZLoss	PWGmcJGemination	yes
RootNounNomZLoss	PWGmcSyllabicJ	yes
RootNounNomZLoss	PNWGmcPreconsonantalXLoss	no
RootNounNomZLoss	PWGmcDentalHardening	yes
RootNounNomZLoss	EAFFinalZDeletion	yes
RootNounNomZLoss	PWGmcUnstressedWordFinalIApocope	no
RootNounNomZLoss	PWGmcFinalBareALoss	no
RootNounNomZLoss	PWGmcSurvivingBimoricOUnrounding	yes
RootNounNomZLoss	SieversLawSyncope	no
PNWGmcUnstressedAiMonophthongization	PWGmcEarlyIApocope	no
PNWGmcUnstressedAiMonophthongization	PWGmcFinalOrLowering	yes
PNWGmcUnstressedAiMonophthongization	PWGmcCoronalWAssimilation	yes
PNWGmcUnstressedAiMonophthongization	OEWWSimplification	yes
PNWGmcUnstressedAiMonophthongization	PWGmcIjContraction	yes
PNWGmcUnstressedAiMonophthongization	PWGmcJGemination	yes
PNWGmcUnstressedAiMonophthongization	PWGmcSyllabicJ	yes
PNWGmcUnstressedAiMonophthongization	PNWGmcPreconsonantalXLoss	yes
PNWGmcUnstressedAiMonophthongization	PWGmcDentalHardening	yes
PNWGmcUnstressedAiMonophthongization	EAFFinalZDeletion	yes
PNWGmcUnstressedAiMonophthongization	PWGmcUnstressedWordFinalIApocope	no
PNWGmcUnstressedAiMonophthongization	PWGmcFinalBareALoss	yes
PNWGmcUnstressedAiMonophthongization	PWGmcSurvivingBimoricOUnrounding	yes
PNWGmcUnstressedAiMonophthongization	SieversLawSyncope	yes
PNWGmcAToUBeforeM	PWGmcEarlyIApocope	no
PNWGmcAToUBeforeM	PWGmcFinalOrLowering	yes
PNWGmcAToUBeforeM	PWGmcCoronalWAssimilation	yes
PNWGmcAToUBeforeM	OEWWSimplification	yes
PNWGmcAToUBeforeM	PWGmcIjContraction	yes
PNWGmcAToUBeforeM	PWGmcJGemination	yes
PNWGmcAToUBeforeM	PWGmcSyllabicJ	no
PNWGmcAToUBeforeM	PNWGmcPreconsonantalXLoss	yes
PNWGmcAToUBeforeM	PWGmcDentalHardening	yes
PNWGmcAToUBeforeM	EAFFinalZDeletion	no
PNWGmcAToUBeforeM	PWGmcUnstressedWordFinalIApocope	no
PNWGmcAToUBeforeM	PWGmcFinalBareALoss	no
PNWGmcAToUBeforeM	PWGmcSurvivingBimoricOUnrounding	yes
PNWGmcAToUBeforeM	SieversLawSyncope	no
PNWGmcLongELowering	PWGmcEarlyIApocope	yes
PNWGmcLongELowering	PWGmcFinalOrLowering	yes
PNWGmcLongELowering	PWGmcCoronalWAssimilation	yes
PNWGmcLongELowering	OEWWSimplification	yes
PNWGmcLongELowering	PWGmcIjContraction	yes
PNWGmcLongELowering	PWGmcJGemination	yes
PNWGmcLongELowering	PWGmcSyllabicJ	yes
PNWGmcLongELowering	PNWGmcPreconsonantalXLoss	yes
PNWGmcLongELowering	PWGmcDentalHardening	yes
PNWGmcLongELowering	EAFFinalZDeletion	yes
PNWGmcLongELowering	PWGmcUnstressedWordFinalIApocope	no
PNWGmcLongELowering	PWGmcFinalBareALoss	yes
PNWGmcLongELowering	PWGmcSurvivingBimoricOUnrounding	yes
PNWGmcLongELowering	SieversLawSyncope	yes
PNWGmcILowering	PWGmcEarlyIApocope	yes
PNWGmcILowering	PWGmcFinalOrLowering	yes
PNWGmcILowering	PWGmcCoronalWAssimilation	yes
PNWGmcILowering	OEWWSimplification	yes
PNWGmcILowering	PWGmcIjContraction	yes
PNWGmcILowering	PWGmcJGemination	yes
PNWGmcILowering	PWGmcSyllabicJ	yes
PNWGmcILowering	PNWGmcPreconsonantalXLoss	no
PNWGmcILowering	PWGmcDentalHardening	yes
PNWGmcILowering	EAFFinalZDeletion	yes
PNWGmcILowering	PWGmcUnstressedWordFinalIApocope	no
PNWGmcILowering	PWGmcFinalBareALoss	no
PNWGmcILowering	PWGmcSurvivingBimoricOUnrounding	yes
PNWGmcILowering	SieversLawSyncope	no
PNWGmcULowering	PWGmcEarlyIApocope	yes
PNWGmcULowering	PWGmcFinalOrLowering	yes
PNWGmcULowering	PWGmcCoronalWAssimilation	yes
PNWGmcULowering	OEWWSimplification	no
PNWGmcULowering	PWGmcIjContraction	yes
PNWGmcULowering	PWGmcJGemination	yes
PNWGmcULowering	PWGmcSyllabicJ	yes
PNWGmcULowering	PNWGmcPreconsonantalXLoss	yes
PNWGmcULowering	PWGmcDentalHardening	yes
PNWGmcULowering	EAFFinalZDeletion	yes
PNWGmcULowering	PWGmcUnstressedWordFinalIApocope	no
PNWGmcULowering	PWGmcFinalBareALoss	no
PNWGmcULowering	PWGmcSurvivingBimoricOUnrounding	yes
PNWGmcULowering	SieversLawSyncope	no
PNWGmcStressedMonosyllableORaising	PWGmcEarlyIApocope	yes
PNWGmcStressedMonosyllableORaising	PWGmcFinalOrLowering	yes
PNWGmcStressedMonosyllableORaising	PWGmcCoronalWAssimilation	yes
PNWGmcStressedMonosyllableORaising	OEWWSimplification	yes
PNWGmcStressedMonosyllableORaising	PWGmcIjContraction	yes
PNWGmcStressedMonosyllableORaising	PWGmcJGemination	yes
PNWGmcStressedMonosyllableORaising	PWGmcSyllabicJ	yes
PNWGmcStressedMonosyllableORaising	PNWGmcPreconsonantalXLoss	yes
PNWGmcStressedMonosyllableORaising	PWGmcDentalHardening	yes
PNWGmcStressedMonosyllableORaising	EAFFinalZDeletion	yes
PNWGmcStressedMonosyllableORaising	PWGmcUnstressedWordFinalIApocope	no
PNWGmcStressedMonosyllableORaising	PWGmcFinalBareALoss	no
PNWGmcStressedMonosyllableORaising	PWGmcSurvivingBimoricOUnrounding	yes
PNWGmcStressedMonosyllableORaising	SieversLawSyncope	no
PNWGmcFinalLongORaising	PWGmcEarlyIApocope	yes
PNWGmcFinalLongORaising	PWGmcFinalOrLowering	yes
PNWGmcFinalLongORaising	PWGmcCoronalWAssimilation	yes
PNWGmcFinalLongORaising	OEWWSimplification	yes
PNWGmcFinalLongORaising	PWGmcIjContraction	yes
PNWGmcFinalLongORaising	PWGmcJGemination	yes
PNWGmcFinalLongORaising	PWGmcSyllabicJ	yes
PNWGmcFinalLongORaising	PNWGmcPreconsonantalXLoss	yes
PNWGmcFinalLongORaising	PWGmcDentalHardening	yes
PNWGmcFinalLongORaising	EAFFinalZDeletion	no
PNWGmcFinalLongORaising	PWGmcUnstressedWordFinalIApocope	no
PNWGmcFinalLongORaising	PWGmcFinalBareALoss	no
PNWGmcFinalLongORaising	PWGmcSurvivingBimoricOUnrounding	no
PNWGmcFinalLongORaising	SieversLawSyncope	no
NWGmcInStemNLoss	PWGmcEarlyIApocope	no
NWGmcInStemNLoss	PWGmcFinalOrLowering	yes
NWGmcInStemNLoss	PWGmcCoronalWAssimilation	yes
NWGmcInStemNLoss	OEWWSimplification	yes
NWGmcInStemNLoss	PWGmcIjContraction	yes
NWGmcInStemNLoss	PWGmcJGemination	yes
NWGmcInStemNLoss	PWGmcSyllabicJ	yes
NWGmcInStemNLoss	PNWGmcPreconsonantalXLoss	yes
NWGmcInStemNLoss	PWGmcDentalHardening	yes
NWGmcInStemNLoss	EAFFinalZDeletion	yes
NWGmcInStemNLoss	PWGmcUnstressedWordFinalIApocope	no
NWGmcInStemNLoss	PWGmcFinalBareALoss	no
NWGmcInStemNLoss	PWGmcSurvivingBimoricOUnrounding	yes
NWGmcInStemNLoss	SieversLawSyncope	yes
