row_id	concept	target	proto	proto_stage	protoform	input_stage	input_variety	stage_basis	derivation_class	runnable	word_stress	phonological_finality
1933	adder	nǣdre	*nḗdrōn	pgmc	*nḗdrōn	pgmc		equality_convention	regular	1	stressed	final
1934	bake	bacan	*bákaną	pgmc	*bákaną	pgmc		equality_convention	regular	1	stressed	final
1935	ball	-	*bálluz	pgmc	*bálluz	pgmc		equality_convention		0	not_evaluated	not_evaluated
1936	ban	bannes	*bánną	pgmc	*bánnas	pgmc		explicit_sidecar	late_analogy	1	stressed	final
1937	barrow	beorg	*bérgą	pgmc	*bérgą	pgmc		equality_convention	regular	1	stressed	final
1938	bast	bæst	*bástą	pgmc	*bástą	pgmc		equality_convention	regular	1	stressed	final
1939	bath	bæþ	*báθą	pgmc	*báθą	pgmc		equality_convention	regular	1	stressed	final
1940	beard	beard	*bárdaz	pgmc	*bárdaz	pgmc		equality_convention	regular	1	stressed	final
1941	beaver	befer	*bébruz	pgmc	*bébruz	pgmc		equality_convention	regular	1	stressed	final
1942	beech	bōc	*bōkō	pgmc	*bōkō	pgmc		equality_convention	regular	1	stressed	final
1943	begin	beġinnan	*bigínnaną	pgmc	*bigínnaną	pgmc		equality_convention	regular	1	stressed	final
1944	believe	ġelīefan	*galáubijaną	pgmc	*galáubijaną	pgmc		equality_convention	regular	1	stressed	final
1945	belly	bielġ	*bálgiz	pgmc	*bálgiz	pgmc		equality_convention	regular	1	stressed	final
1946	berry	berġes	*bázją	pgmc	*bázjas	pgmc		explicit_sidecar	late_analogy	1	stressed	final
1947	bid	-	*béudaną	pgmc	*béudaną	pgmc		equality_convention		0	not_evaluated	not_evaluated
1948	bid	-	*bídjaną	pgmc	*bídjaną	pgmc		equality_convention		0	not_evaluated	not_evaluated
1949	bier	bǣr	*bḗrō	pgmc	*bḗrō	pgmc		equality_convention	regular	1	stressed	final
1950	bind	bindan	*bíndaną	pgmc	*bíndaną	pgmc		equality_convention	regular	1	stressed	final
1951	birth	byrd	*búrdiz	pgmc	*búrdiz	pgmc		equality_convention	regular	1	stressed	final
1952	blood	blōd	*blōdą	pgmc	*blōdą	pgmc		equality_convention	regular	1	stressed	final
1953	board	bord	*búrdą	pgmc	*búrdą	pgmc		equality_convention	regular	1	stressed	final
1954	bone	bān	*báiną	pgmc	*báiną	pgmc		equality_convention	regular	1	stressed	final
1955	book	bōc	*bōkz	pgmc	*bōkz	pgmc		equality_convention	regular	1	stressed	final
1956	bore	borian	*búrōjaną	pgmc	*búrōjaną	pgmc		equality_convention	regular	1	stressed	final
1957	bosom	bōsm	*bōsmaz	pgmc	*bōsmaz	pgmc		equality_convention	regular	1	stressed	final
1958	both	bū	*bō	pgmc	*bō	pgmc		equality_convention	regular	1	stressed	final
1959	bottom	botm	*búdmaz	pgmc	*búttmaz	pgmc		explicit_sidecar	early_analogy	1	stressed	final
1960	bough	bōg	*bōguz	pgmc	*bōguz	pgmc		equality_convention	regular	1	stressed	final
1961	bow	bīeġan	*báugijaną	pgmc	*báugijaną	pgmc		equality_convention	regular	1	stressed	final
1962	bow	bēag	*béuganą	pgmc	*báug	pgmc		explicit_sidecar	late_analogy	1	stressed	final
1963	bow	boga	*búgô	pgmc	*búgô	pgmc		equality_convention	regular	1	stressed	final
1964	bower	būr	*būrą	pgmc	*būrą	pgmc		equality_convention	regular	1	stressed	final
1965	brand	brandes	*brándaz	pgmc	*brándas	pgmc		explicit_sidecar	early_analogy	1	stressed	final
1966	bread	brēad	*bráudą	pgmc	*bráudą	pgmc		equality_convention	regular	1	stressed	final
1967	break	brecan	*brékaną	pgmc	*brékaną	pgmc		equality_convention	regular	1	stressed	final
1968	breast	brēost	*brústz	pgmc	*bréustą	pgmc		explicit_sidecar	early_analogy	1	stressed	final
1969	breeches	brēċ	*brōkiz	pgmc	*brōkiz	pgmc		equality_convention	regular	1	stressed	final
1970	bride	brȳd	*brūdiz	pgmc	*brūdiz	pgmc		equality_convention	regular	1	stressed	final
1971	bring	bringan	*brínganą	pgmc	*brínganą	pgmc		equality_convention	regular	1	stressed	final
1972	brook	brūcan	*brūkaną	pgmc	*brūkaną	pgmc		equality_convention	regular	1	stressed	final
1973	buck	bucc	*búkkaz	pgmc	*búkkaz	pgmc		equality_convention	unexplained_unmodelled	1	stressed	final
1974	burst	berstan	*bréstaną	pgmc	*bréstaną	pgmc		equality_convention	regular	1	stressed	final
1975	calf	ċealf	*kálbaz	pgmc	*kálbaz	pgmc		equality_convention	regular	1	stressed	final
1976	chew	ċēowan	*kéwwaną	pgmc	*kéwwaną	pgmc		equality_convention	regular	1	stressed	final
1977	climb	climban	*klímbaną	pgmc	*klímbaną	pgmc		equality_convention	regular	1	stressed	final
1978	comb	camb	*kámbaz	pgmc	*kámbaz	pgmc		equality_convention	regular	1	stressed	final
1979	corn	corn	*kúrną	pgmc	*kúrną	pgmc		equality_convention	regular	1	stressed	final
1980	cow	cȳ	*kōz	pgmc	*kūi	pgmc		explicit_sidecar	late_analogy	1	stressed	final
1981	craft	cræft	*kráftiz	pgmc	*kráftaz	pgmc		explicit_sidecar	early_analogy	1	stressed	final
1982	crop	cropp	*krúppaz	pgmc	*krúppaz	pgmc		equality_convention	regular	1	stressed	final
1983	cud	cwedu	*kwíθuz	pgmc	*kwéðuz	pgmc		explicit_sidecar	attested_variant	1	stressed	final
1984	dale	dæl	*dálaz	pgmc	*dálaz	pgmc		equality_convention	regular	1	stressed	final
1985	day	dæġ	*dágaz	pgmc	*dágaz	pgmc		equality_convention	regular	1	stressed	final
1986	deal	dǣl	*dáiliz	pgmc	*dáiliz	pgmc		equality_convention	regular	1	stressed	final
1987	deed	dǣd	*dḗdiz	pgmc	*dḗdiz	pgmc		equality_convention	regular	1	stressed	final
1988	deer	dēor	*déuzą	pgmc	*déuzą	pgmc		equality_convention	regular	1	stressed	final
1989	dew	dēaw	*dáwwō	pgmc	*dáwwō	pgmc		equality_convention	regular	1	stressed	final
1990	dill	dile	*déljaz	pgmc	*déliz	pgmc		explicit_sidecar	early_analogy	1	stressed	final
1991	do	dōn	*dōną	pgmc	*dōną	pgmc		equality_convention	regular	1	stressed	final
1992	door	dor	*dúrą	pgmc	*dúrą	pgmc		equality_convention	regular	1	stressed	final
1993	dough	dāg	*dáigaz	pgmc	*dáigaz	pgmc		equality_convention	regular	1	stressed	final
1994	dove	-	*dūbōn	pgmc	*dūbōn	pgmc		equality_convention		0	not_evaluated	not_evaluated
1995	dream	drēam	*dráugmaz	pgmc	*dráugmaz	pgmc		equality_convention	regular	1	stressed	final
1996	drench	drenċ	*dránkiz	pgmc	*dránkiz	pgmc		equality_convention	regular	1	stressed	final
1997	drink	drincan	*drínkaną	pgmc	*drínkaną	pgmc		equality_convention	regular	1	stressed	final
1998	drive	drīfan	*drī́baną	pgmc	*drḯbaną	pgmc		explicit_sidecar	regular	1	stressed	final
1999	earth	eorþe	*érθōn	pgmc	*érθōn	pgmc		equality_convention	regular	1	stressed	final
2000	eat	etan	*étaną	pgmc	*étaną	pgmc		equality_convention	regular	1	stressed	final
2001	eel	ǣl	*ḗlaz	pgmc	*ḗlaz	pgmc		equality_convention	regular	1	stressed	final
2002	fall	feallan	*fállaną	pgmc	*fállaną	pgmc		equality_convention	regular	1	stressed	final
2003	fare	faran	*fáraną	pgmc	*fáraną	pgmc		equality_convention	regular	1	stressed	final
2004	fast	festan	*fastēną	pgmc	*fástijaną	pgmc		explicit_sidecar	early_analogy	1	stressed	final
2005	father	fæder	*fádēr	pgmc	*fádēr	pgmc		equality_convention	regular	1	stressed	final
2006	fee	feoh	*féxu	pgmc	*féxu	pgmc		equality_convention	regular	1	stressed	final
2007	fell	fell	*féllą	pgmc	*féllą	pgmc		equality_convention	regular	1	stressed	final
2008	fern	fearn	*fárnaz	pgmc	*fárnaz	pgmc		equality_convention	regular	1	stressed	final
2009	field	feld	*félθuz	pgmc	*félθuz	pgmc		equality_convention	regular	1	stressed	final
2010	fight	feohtan	*féxtaną	pgmc	*féxtaną	pgmc		equality_convention	regular	1	stressed	final
2011	find	fundene	*fínθaną	pgmc	*fúnðanǭ	pgmc		explicit_sidecar	late_analogy	1	stressed	final
2012	finger	finger	*fíngraz	pgmc	*fíngraz	pgmc		equality_convention	regular	1	stressed	final
2013	fire	fȳre	*fūri	pgmc	*fūri	pgmc		equality_convention	known_unmodelled	1	stressed	final
2014	fish	fisċ	*fískaz	pgmc	*fískaz	pgmc		equality_convention	regular	1	stressed	final
2015	fist	fȳst	*fúnxstiz	pgmc	*fúnxstiz	pgmc		equality_convention	regular	1	stressed	final
2016	flask	flasce	*flaskō	pgmc	*fláskōn	pgmc		explicit_sidecar	early_analogy	1	stressed	final
2017	flax	fleax	*fláxsą	pgmc	*fláxsą	pgmc		equality_convention	regular	1	stressed	final
2018	flea	flēah	*fláuxz	pgmc	*fláuxz	pgmc		equality_convention	regular	1	stressed	final
2019	flee	flēon	*fléuxaną	pgmc	*fléuxaną	pgmc		equality_convention	regular	1	stressed	final
2020	flesh	flǣsċ	*fláiskiz	pgmc	*fláiskiz	pgmc		equality_convention	regular	1	stressed	final
2021	flood	flōd	*flōduz	pgmc	*flōduz	pgmc		equality_convention	regular	1	stressed	final
2022	fly	flēogan	*fléuganą	pgmc	*fléuganą	pgmc		equality_convention	regular	1	stressed	final
2023	foal	fola	*fúlô	pgmc	*fúlô	pgmc		equality_convention	regular	1	stressed	final
2024	fodder	fōdor	*fōdrą	pgmc	*fōdrą	pgmc		equality_convention	regular	1	stressed	final
2025	fold	fealdan	*fálθaną	pgmc	*fálθaną	pgmc		equality_convention	regular	1	stressed	final
2026	folk	folc	*fúlką	pgmc	*fúlką	pgmc		equality_convention	regular	1	stressed	final
2027	follow	fylġan	*fulgēną	pgmc	*fúlgijaną	pgmc		explicit_sidecar	early_analogy	1	stressed	final
2028	forlorn	lēosan	*léusaną	pgmc	*léusaną	pgmc		equality_convention	regular	1	stressed	final
2029	four	fēower	*fédwōr	pgmc	*fédwōr	pgmc		equality_convention	regular	1	stressed	final
2030	fowl	fugol	*fúglaz	pgmc	*fúglaz	pgmc		equality_convention	unexplained_unmodelled	1	stressed	final
2031	fox	fox	*fúxsaz	pgmc	*fúxsaz	pgmc		equality_convention	regular	1	stressed	final
2032	freeze	frēosan	*fréusaną	pgmc	*fréusaną	pgmc		equality_convention	regular	1	stressed	final
2033	friend	frēond	*fríjōndz	pgmc	*fríjōndz	pgmc		equality_convention	regular	1	stressed	final
2034	fright	fyrhte	*furxtīn	pgmc	*fúrxtīnaz	pgmc		explicit_sidecar	late_analogy	1	stressed	final
2035	frost	forst	*frústą	pgmc	*frústą	pgmc		equality_convention	regular	1	stressed	final
2036	furrow	furh	*fúrx	pgmc	*fúrx	pgmc		equality_convention	regular	1	stressed	final
2037	gall	ġealla	*gállą	pgmc	*gállô	pgmc		explicit_sidecar	early_analogy	1	stressed	final
2038	gang	gang	*gángaz	pgmc	*gángaz	pgmc		equality_convention	regular	1	stressed	final
2039	ghost	gāst	*gáistaz	pgmc	*gáistaz	pgmc		equality_convention	regular	1	stressed	final
2040	gift	ġift	*gíftiz	pgmc	*gíftiz	pgmc		equality_convention	regular	1	stressed	final
2041	give	ġiefan	*gébaną	pgmc	*gébaną	pgmc		equality_convention	regular	1	stressed	final
2042	god	god	*gúdą	pgmc	*gúdą	pgmc		equality_convention	regular	1	stressed	final
2043	gold	gold	*gúlθą	pgmc	*gúlθą	pgmc		equality_convention	regular	1	stressed	final
2044	goose	gōs	*gánsz	pgmc	*gánsz	pgmc		equality_convention	regular	1	stressed	final
2045	grass	græs	*grásą	pgmc	*grásą	pgmc		equality_convention	regular	1	stressed	final
2046	grave	grafan	*grábaną	pgmc	*grábaną	pgmc		equality_convention	regular	1	stressed	final
2047	gripe	grīpan	*grī́paną	pgmc	*grḯpaną	pgmc		explicit_sidecar	regular	1	stressed	final
2048	ground	grund	*grúnduz	pgmc	*grúnduz	pgmc		equality_convention	regular	1	stressed	final
2049	guest	ġiest	*gástiz	pgmc	*gástiz	pgmc		equality_convention	regular	1	stressed	final
2050	hail	hæġl	*xáglą	pgmc	*xáglą	pgmc		equality_convention	regular	1	stressed	final
2051	hair	hǣr	*xḗrą	pgmc	*xḗrą	pgmc		equality_convention	regular	1	stressed	final
2052	hall	heall	*xállō	pgmc	*xállō	pgmc		equality_convention	regular	1	stressed	final
2053	hammer	hameres	*xámaraz	pgmc	*xámaras	pgmc		explicit_sidecar	late_analogy	1	stressed	final
2054	hand	hand	*xánduz	pgmc	*xánduz	pgmc		equality_convention	regular	1	stressed	final
2055	handle	handlian	*xándlōjaną	pgmc	*xándlōjaną	pgmc		equality_convention	regular	1	stressed	final
2056	harm	hearm	*xármaz	pgmc	*xármaz	pgmc		equality_convention	regular	1	stressed	final
2057	harvest	hierfest	*xárbistuz	pgmc	*xárbistuz	pgmc		equality_convention	regular	1	stressed	final
2058	have	hæfeþ	*xabēną	pgmc	*xábēθi	pgmc		explicit_sidecar	late_analogy	1	stressed	final
2059	haw	haga	*xágô	pgmc	*xágô	pgmc		equality_convention	regular	1	stressed	final
2060	hawk	hafoc	*xábukaz	pgmc	*xábukaz	pgmc		equality_convention	regular	1	stressed	final
2061	hay	hīeġ	*xáwją	pgmc	*xáwją	pgmc		equality_convention	regular	1	stressed	final
2062	hazel	hæsl	*xáslaz	pgmc	*xáslaz	pgmc		equality_convention	regular	1	stressed	final
2063	head	hēafod	*xáubudą	pgmc	*xáubudą	pgmc		equality_convention	regular	1	stressed	final
2064	heal	hǣlan	*xáilijaną	pgmc	*xáilijaną	pgmc		equality_convention	regular	1	stressed	final
2065	heart	heorte	*xértōn	pgmc	*xértōn	pgmc		equality_convention	regular	1	stressed	final
2066	hearth	heorþ	*xérθaz	pgmc	*xérθaz	pgmc		equality_convention	regular	1	stressed	final
2067	heath	hǣþ	*xáiθiz	pgmc	*xáiθiz	pgmc		equality_convention	regular	1	stressed	final
2068	heaven	heofon	*xémenaz	pgmc	*xébun	nsgmc		explicit_sidecar	early_analogy	1	stressed	final
2069	hedge	heġġ	*xágjaz	pgmc	*xágjaz	pgmc		equality_convention	regular	1	stressed	final
2070	helm	helm	*xélmaz	pgmc	*xélmaz	pgmc		equality_convention	regular	1	stressed	final
2071	help	helpan	*xélpaną	pgmc	*xélpaną	pgmc		equality_convention	regular	1	stressed	final
2072	help	help	*xélpō	pgmc	*xélpō	pgmc		equality_convention	regular	1	stressed	final
2073	herd	heord	*xérdō	pgmc	*xérdō	pgmc		equality_convention	regular	1	stressed	final
2074	hew	hēawan	*xáwwaną	pgmc	*xáwwaną	pgmc		equality_convention	regular	1	stressed	final
2075	hind	hind	*xéndjō	pgmc	*xéndjō	pgmc		equality_convention	regular	1	stressed	final
2076	hoard	hord	*xúzdą	pgmc	*xúzdą	pgmc		equality_convention	regular	1	stressed	final
2077	hold	healdan	*xáldaną	pgmc	*xáldaną	pgmc		equality_convention	regular	1	stressed	final
2078	home	hām	*xáimaz	pgmc	*xáimaz	pgmc		equality_convention	regular	1	stressed	final
2079	honey	huniġ	*xúnagą	pgmc	*xúnagą	pgmc		equality_convention	regular	1	stressed	final
2080	hood	hōd	*xōdaz	pgmc	*xōdaz	pgmc		equality_convention	regular	1	stressed	final
2081	hoof	hōf	*xōfaz	pgmc	*xōfaz	pgmc		equality_convention	regular	1	stressed	final
2082	horn	horn	*xúrną	pgmc	*xúrną	pgmc		equality_convention	regular	1	stressed	final
2083	hound	hund	*xúndaz	pgmc	*xúndaz	pgmc		equality_convention	regular	1	stressed	final
2084	knead	cnedan	*knédaną	pgmc	*knédaną	pgmc		equality_convention	regular	1	stressed	final
2085	knee	cneowe	*knéwą	pgmc	*knéwai	pgmc		explicit_sidecar	late_analogy	1	stressed	final
2086	knight	cniht	*kníxtaz	pgmc	*knéxtaz	pgmc		explicit_sidecar	early_analogy	1	stressed	final
2087	knob	cnobba	*knúppaz	pgmc	*knúbbô	pgmc		explicit_sidecar	reconstructed_oe	1	stressed	final
2088	lade	hladan	*laθōjaną	pgmc	*xláðaną	pgmc		explicit_sidecar	early_analogy	1	stressed	final
2089	land	land	*lándą	pgmc	*lándą	pgmc		equality_convention	regular	1	stressed	final
2090	lap	lappa	*lábbaz	pgmc	*láppô	pgmc		explicit_sidecar	early_analogy	1	stressed	final
2091	last	lǣstan	*láistijaną	pgmc	*láistijaną	pgmc		equality_convention	regular	1	stressed	final
2092	laugh	hliehhan	*lákaną	pgmc	*xláxjaną	pgmc		explicit_sidecar	early_analogy	1	stressed	final
2093	lead	lǣdan	*láidijaną	pgmc	*láidijaną	pgmc		equality_convention	regular	1	stressed	final
2094	leaf	lēaf	*láubą	pgmc	*láubą	pgmc		equality_convention	regular	1	stressed	final
2095	learn	liornian	*líznōjaną	pgmc	*líznōjaną	pgmc		equality_convention	regular	1	stressed	final
2096	leather	leþer	*léθrą	pgmc	*léθrą	pgmc		equality_convention	regular	1	stressed	final
2097	leek	lēac	*láukaz	pgmc	*láukaz	pgmc		equality_convention	regular	1	stressed	final
2098	let	lǣtan	*lḗtaną	pgmc	*lḗtaną	pgmc		equality_convention	regular	1	stressed	final
2099	lick	liccian	*líkkōjaną	pgmc	*líkkōjaną	pgmc		equality_convention	regular	1	stressed	final
2100	lid	hlid	*xlídą	pgmc	*xlídą	pgmc		equality_convention	regular	1	stressed	final
2101	life	līf	*lī́bą	pgmc	*lḯbą	pgmc		explicit_sidecar	regular	1	stressed	final
2102	light	līehtan	*léuxtijaną	pgmc	*léuxtijaną	pgmc		equality_convention	regular	1	stressed	final
2103	lime	līm	*lī́mą	pgmc	*lḯmą	pgmc		explicit_sidecar	regular	1	stressed	final
2104	linden	lind	*líndō	pgmc	*líndō	pgmc		equality_convention	regular	1	stressed	final
2105	line	līne	*lī́nōn	pgmc	*lḯnōn	pgmc		explicit_sidecar	regular	1	stressed	final
2106	list	līste	*lī́stōn	pgmc	*lḯstōn	pgmc		explicit_sidecar	regular	1	stressed	final
2107	live	lifeþ	*libēną	pgmc	*líbēθi	pgmc		explicit_sidecar	late_analogy	1	stressed	final
2108	liver	lifer	*líbrō	pgmc	*líbrō	pgmc		equality_convention	regular	1	stressed	final
2109	loam	lām	*laimōn	pgmc	*láimą	preoe	transponent	explicit_sidecar	early_analogy	1	stressed	final
2110	loath	lāþ	*láiθaz	pgmc	*láiθaz	pgmc		equality_convention	regular	1	stressed	final
2111	lock	loc	*lúką	pgmc	*lúką	pgmc		equality_convention	regular	1	stressed	final
2112	lock	locc	*lúkkaz	pgmc	*lúkkaz	pgmc		equality_convention	regular	1	stressed	final
2113	louse	lūs	*lūsz	pgmc	*lūsz	pgmc		equality_convention	regular	1	stressed	final
2114	lung	lungen	*lungō	pgmc	*lúnganjō	pgmc		explicit_sidecar	early_analogy	1	stressed	final
2115	lust	lust	*lústuz	pgmc	*lústuz	pgmc		equality_convention	regular	1	stressed	final
2116	lye	lēag	*láugō	pgmc	*láugō	pgmc		equality_convention	regular	1	stressed	final
2117	make	macian	*mákōjaną	pgmc	*mákōjaną	pgmc		equality_convention	regular	1	stressed	final
2118	malt	mealt	*máltaz	pgmc	*máltaz	pgmc		equality_convention	regular	1	stressed	final
2119	man	mannes	*mánnaz	pgmc	*mánnas	pgmc		explicit_sidecar	late_analogy	1	stressed	final
2120	march	mearc	*márkō	pgmc	*márkō	pgmc		equality_convention	regular	1	stressed	final
2121	mast	mæst	*mástaz	pgmc	*mástaz	pgmc		equality_convention	regular	1	stressed	final
2122	meal	mǣl	*mḗlą	pgmc	*mḗlą	pgmc		equality_convention	regular	1	stressed	final
2123	mean	mǣnan	*máinijaną	pgmc	*máinijaną	pgmc		equality_convention	regular	1	stressed	final
2124	meed	meorde	*mizdō	pgmc	*mízdai	pgmc		explicit_sidecar	late_analogy	1	stressed	final
2125	might	miht	*máxtiz	pgmc	*máxtiz	pgmc		equality_convention	regular	1	stressed	final
2126	milk	meoloc	*mélukz	pgmc	*mélukz	pgmc		equality_convention	regular	1	stressed	final
2127	month	mōnaþ	*mḗnōθz	pgmc	*mḗnōθz	pgmc		equality_convention	regular	1	stressed	final
2128	mood	mōd	*mōdaz	pgmc	*mōdaz	pgmc		equality_convention	regular	1	stressed	final
2129	mother	mōder	*mōdēr	pgmc	*mōdēr	pgmc		equality_convention	regular	1	stressed	final
2130	nail	næġl	*náglaz	pgmc	*náglaz	pgmc		equality_convention	regular	1	stressed	final
2131	name	nama	*námô	pgmc	*námô	pgmc		equality_convention	regular	1	stressed	final
2132	nave	nafu	*nábō	pgmc	*nábō	pgmc		equality_convention	regular	1	stressed	final
2133	navel	nafola	*nablô	pgmc	*nábulô	pwgmc		explicit_sidecar	early_analogy	1	stressed	final
2134	neck	hnecca	*xnákkaz	pgmc	*xnékkô	pgmc		explicit_sidecar	early_analogy	1	stressed	final
2135	need	nīed	*náudiz	pgmc	*náudiz	pgmc		equality_convention	regular	1	stressed	final
2136	needle	nǣdl	*nḗθlō	pgmc	*nḗðlō	pgmc		explicit_sidecar	early_analogy	1	stressed	final
2137	nest	nest	*nístą	pgmc	*nístą	pgmc		equality_convention	regular	1	stressed	final
2138	net	nett	*nátją	pgmc	*nátją	pgmc		equality_convention	regular	1	stressed	final
2139	nettle	netle	*nátilōn	pgmc	*nátilōn	pgmc		equality_convention	regular	1	stressed	final
2140	night	niht	*náxtz	pgmc	*náxti	pgmc		explicit_sidecar	late_analogy	1	stressed	final
2141	nightmare	mare	*márōn	pgmc	*márōn	pgmc		equality_convention	regular	1	stressed	final
2142	nine	nigon	*nígun	pgmc	*nígun	pgmc		equality_convention	regular	1	stressed	final
2143	nose	nosu	*nasō	pgmc	*núsō	pgmc		explicit_sidecar	early_analogy	1	stressed	final
2144	one	ān	*áinaz	pgmc	*áinaz	pgmc		equality_convention	regular	1	stressed	final
2145	oven	ofn	*úfnaz	pgmc	*úfnaz	pgmc		equality_convention	regular	1	stressed	final
2146	ox	oxa	*úxsô	pgmc	*úxsô	pgmc		equality_convention	regular	1	stressed	final
2147	rain	reġn	*régną	pgmc	*régną	pgmc		equality_convention	regular	1	stressed	final
2148	rainbow	reġnboga	*régna-bùgô	pgmc	*régna-bùgô	pgmc		equality_convention	regular	1	stressed	final
2149	raven	hræfn	*xrábnaz	pgmc	*xrábnaz	pgmc		equality_convention	regular	1	stressed	final
2150	read	rǣdan	*rḗdaną	pgmc	*rḗdaną	pgmc		equality_convention	regular	1	stressed	final
2151	reek	rēac	*ráukiz	pgmc	*ráukaz	pgmc		explicit_sidecar	reconstructed_oe	1	stressed	final
2152	rest	ræste	*rastō	pgmc	*rástōz	pgmc		explicit_sidecar	late_analogy	1	stressed	final
2153	ride	rīdan	*rī́daną	pgmc	*rḯdaną	pgmc		explicit_sidecar	regular	1	stressed	final
2154	rind	rind	*ríndō	pgmc	*ríndō	pgmc		equality_convention	regular	1	stressed	final
2155	coat	rocc	*rúkkaz	pgmc	*rúkkaz	pgmc		equality_convention	regular	1	stressed	final
2156	roe	-	*ráixōn	pgmc	*ráixōn	pgmc		equality_convention		0	not_evaluated	not_evaluated
2157	rood	rōd	*rōdō	pgmc	*rōdō	pgmc		equality_convention	regular	1	stressed	final
2158	room	rūm	*rūmą	pgmc	*rūmą	pgmc		equality_convention	regular	1	stressed	final
2159	rope	rāp	*ráipą	pgmc	*ráipą	pgmc		equality_convention	regular	1	stressed	final
2160	rudder	rōþor	*rōθraz	pgmc	*rōθraz	pgmc		equality_convention	regular	1	stressed	final
2161	run	rinnan	*rínnaną	pgmc	*rínnaną	pgmc		equality_convention	regular	1	stressed	final
2162	rust	rust	*rústō	pgmc	*rústō	pgmc		equality_convention	unexplained_unmodelled	1	stressed	final
2163	rye	ryġe	*rúgiz	pgmc	*rúgiz	pgmc		equality_convention	regular	1	stressed	final
2164	sail	seġl	*séglą	pgmc	*séglą	pgmc		equality_convention	regular	1	stressed	final
2165	sake	sacu	*sákō	pgmc	*sákō	pgmc		equality_convention	regular	1	stressed	final
2166	salt	sealt	*sáltą	pgmc	*sáltą	pgmc		equality_convention	regular	1	stressed	final
2167	salve	sealf	*sálbō	pgmc	*sálbō	pgmc		equality_convention	regular	1	stressed	final
2168	sap	sæp	*sapōn	pgmc	*sápą	pgmc		explicit_sidecar	early_analogy	1	stressed	final
2169	sea	sǣ	*sái	pgmc	*sáiwiz	pgmc		explicit_sidecar	early_analogy	1	stressed	final
2170	seam	sēam	*sáumaz	pgmc	*sáumaz	pgmc		equality_convention	regular	1	stressed	final
2171	seek	sēċan	*sōkijaną	pgmc	*sōkijaną	pgmc		equality_convention	regular	1	stressed	final
2172	send	sendan	*sándijaną	pgmc	*sándijaną	pgmc		equality_convention	regular	1	stressed	final
2173	set	settan	*sátjaną	pgmc	*sátjaną	pgmc		equality_convention	regular	1	stressed	final
2174	seven	seofon	*sébun	pgmc	*sébun	pgmc		equality_convention	regular	1	stressed	final
2175	shaft	sċeaft	*skáftą	pgmc	*skáftą	pgmc		equality_convention	regular	1	stressed	final
2176	shame	sċamu	*skámō	pgmc	*skámō	pgmc		equality_convention	regular	1	stressed	final
2177	shear	sċieran	*skéraną	pgmc	*skéraną	pgmc		equality_convention	regular	1	stressed	final
2178	sheath	sċēaþ	*skáiθiz	pgmc	*skáiθiz	pgmc		equality_convention	regular	1	stressed	final
2179	sheep	sċēap	*skḗpą	pgmc	*skḗpą	pgmc		equality_convention	regular	1	stressed	final
2180	shield	sċield	*skélduz	pgmc	*skélduz	pgmc		equality_convention	regular	1	stressed	final
2181	shilling	sċilling	*skíllingaz	pgmc	*skíllingaz	pgmc		equality_convention	regular	1	stressed	final
2182	shine	sċīnan	*skī́naną	pgmc	*skḯnaną	pgmc		explicit_sidecar	regular	1	stressed	final
2183	shoulder	sċuldrum	*skuldrō	pgmc	*skúldramiz	pgmc		explicit_sidecar	late_analogy	1	stressed	final
2184	shove	sċēaf	*skéubaną	pgmc	*skáub	pgmc		explicit_sidecar	late_analogy	1	stressed	final
2185	shovel	sċofl	*skúflō	pgmc	*skúflō	pgmc		equality_convention	regular	1	stressed	final
2186	show	sċēawian	*skáwōjaną	pgmc	*skáwōjaną	pgmc		equality_convention	regular	1	stressed	final
2187	shower	sċūr	*skūrō	pgmc	*skūrō	pgmc		equality_convention	regular	1	stressed	final
2188	side	sīde	*sī́dōn	pgmc	*sḯdōn	pgmc		explicit_sidecar	regular	1	stressed	final
2189	sieve	sife	*síbaz	pgmc	*síbi	pgmc		explicit_sidecar	early_analogy	1	stressed	final
2190	sing	singan	*síngwaną	pgmc	*síngwaną	pgmc		equality_convention	regular	1	stressed	final
2191	singe	senġan	*sángijaną	pgmc	*sángijaną	pgmc		equality_convention	regular	1	stressed	final
2192	sister	swester	*swéstēr	pgmc	*swéstēr	pgmc		equality_convention	regular	1	stressed	final
2193	sit	sittan	*sétjaną	pgmc	*sétjaną	pgmc		equality_convention	regular	1	stressed	final
2194	six	six	*séxs	pgmc	*séxs	pgmc		equality_convention	regular	1	stressed	final
2195	slay	slēan	*sláxaną	pgmc	*sláxaną	pgmc		equality_convention	regular	1	stressed	final
2196	sleep	slǣpan	*slḗpaną	pgmc	*slḗpaną	pgmc		equality_convention	regular	1	stressed	final
2197	slime	slīm	*slī́mą	pgmc	*slḯmą	pgmc		explicit_sidecar	regular	1	stressed	final
2198	smear	smierwan	*smérwijaną	pgmc	*smérwijaną	pgmc		equality_convention	regular	1	stressed	final
2199	snow	snāw	*snáiwaz	pgmc	*snáiwaz	pgmc		equality_convention	regular	1	stressed	final
2200	sorrow	sorg	*súrgō	pgmc	*súrgō	pgmc		equality_convention	regular	1	stressed	final
2201	soul	sāwol	*sáiwalō	pgmc	*sáiwalō	pgmc		equality_convention	regular	1	stressed	final
2202	span	spannan	*spánnaną	pgmc	*spánnaną	pgmc		equality_convention	regular	1	stressed	final
2203	span	spanne	*spannō	pgmc	*spánnai	pgmc		explicit_sidecar	late_analogy	1	stressed	final
2204	spar	spearra	*spárrô	pgmc	*spárrô	pgmc		equality_convention	regular	1	stressed	final
2205	spare	sparian	*sparēną	pgmc	*spárōjaną	preoe	transponent	explicit_sidecar	early_analogy	1	stressed	final
2206	spear	speoru	*spéru	pgmc	*spéru	pgmc		equality_convention	regular	1	stressed	final
2207	spin	spinnan	*spínnaną	pgmc	*spínnaną	pgmc		equality_convention	regular	1	stressed	final
2208	spindle	spinl	*spénnilō	pgmc	*spénnilō	pgmc		equality_convention	regular	1	stressed	final
2209	spoon	spōn	*spḗnuz	pgmc	*spḗnuz	pgmc		equality_convention	regular	1	stressed	final
2210	spread	sprǣdan	*spráidijaną	pgmc	*spráidijaną	pgmc		equality_convention	regular	1	stressed	final
2211	spur	spora	*spúrô	pgmc	*spúrô	pgmc		equality_convention	regular	1	stressed	final
2212	staff	stæf	*stábiz	pgmc	*stábaz	pgmc		explicit_sidecar	early_analogy	1	stressed	final
2213	start	styrtan	*stúrtijaną	pgmc	*stúrtijaną	pgmc		equality_convention	regular	1	stressed	final
2214	starve	steorfan	*stérbaną	pgmc	*stérbaną	pgmc		equality_convention	regular	1	stressed	final
2215	steal	stelan	*stélaną	pgmc	*stélaną	pgmc		equality_convention	regular	1	stressed	final
2216	stem	stefn	*stámnaz	pgmc	*stámniz	pgmc		explicit_sidecar	early_analogy	1	stressed	final
2217	still	stillan	*stéllijaną	pgmc	*stéllijaną	pgmc		equality_convention	regular	1	stressed	final
2218	stilt	-	*stéltjōn	pgmc	*stéltjōn	pgmc		equality_convention		0	not_evaluated	not_evaluated
2219	stock	stocc	*stúkkaz	pgmc	*stúkkaz	pgmc		equality_convention	regular	1	stressed	final
2220	stone	stān	*stáinaz	pgmc	*stáinaz	pgmc		equality_convention	regular	1	stressed	final
2221	stool	stōl	*stōlaz	pgmc	*stōlaz	pgmc		equality_convention	regular	1	stressed	final
2222	stork	storc	*stúrkaz	pgmc	*stúrkaz	pgmc		equality_convention	regular	1	stressed	final
2223	storm	storm	*stúrmaz	pgmc	*stúrmaz	pgmc		equality_convention	regular	1	stressed	final
2224	straw	strēaw	*stráwą	pgmc	*stráwą	pgmc		equality_convention	regular	1	stressed	final
2225	stream	strēam	*stráumaz	pgmc	*stráumaz	pgmc		equality_convention	regular	1	stressed	final
2226	stretch	streċċan	*strákkijaną	pgmc	*strákkijaną	pgmc		equality_convention	regular	1	stressed	final
2227	strew	strīeġan	*stráwjaną	pgmc	*stráwjaną	pgmc		equality_convention	reconstructed_oe	1	stressed	final
2228	string	strenġ	*strángiz	pgmc	*strángiz	pgmc		equality_convention	regular	1	stressed	final
2229	stud	stōd	*stōdą	pgmc	*stōdą	pgmc		equality_convention	regular	1	stressed	final
2230	summer	sumer	*súmaraz	pgmc	*súmaraz	pgmc		equality_convention	regular	1	stressed	final
2231	sun	sunne	*súnnōn	pgmc	*súnnōn	pgmc		equality_convention	regular	1	stressed	final
2232	sunder	sundrian	*súndrōjaną	pgmc	*súndrōjaną	pgmc		equality_convention	regular	1	stressed	final
2233	sup	sūpan	*sūpaną	pgmc	*sūpaną	pgmc		equality_convention	regular	1	stressed	final
2234	swallow	swealwe	*swálwōn	pgmc	*swálwōn	pgmc		equality_convention	regular	1	stressed	final
2235	swan	swanes	*swánaz	pgmc	*swánas	pgmc		explicit_sidecar	early_analogy	1	stressed	final
2236	swell	swellan	*swéllaną	pgmc	*swéllaną	pgmc		equality_convention	regular	1	stressed	final
2237	swim	swimman	*swímmaną	pgmc	*swímmaną	pgmc		equality_convention	regular	1	stressed	final
2238	swine	swīn	*swī́ną	pgmc	*swḯną	pgmc		explicit_sidecar	regular	1	stressed	final
2239	sword	sweord	*swérdą	pgmc	*swérdą	pgmc		equality_convention	regular	1	stressed	final
2240	tap	tæppa	*táppô	pgmc	*táppô	pgmc		equality_convention	known_unmodelled	1	stressed	final
2241	team	tēam	*táugmaz	pgmc	*táugmaz	pgmc		equality_convention	regular	1	stressed	final
2242	ten	tēon	*téxun	pgmc	*téxun	pgmc		equality_convention	attested_variant	1	stressed	final
2243	thane	þeġn	*θégnaz	pgmc	*θégnaz	pgmc		equality_convention	regular	1	stressed	final
2244	thanks	þanc	*θánkaz	pgmc	*θánkaz	pgmc		equality_convention	regular	1	stressed	final
2245	thatch	þæc	*θáką	pgmc	*θáką	pgmc		equality_convention	regular	1	stressed	final
2246	thief	þēof	*θéubaz	pgmc	*θéubaz	pgmc		equality_convention	regular	1	stressed	final
2247	thing	þing	*θíngą	pgmc	*θíngą	pgmc		equality_convention	regular	1	stressed	final
2248	think	þenċan	*θánkijaną	pgmc	*θánkijaną	pgmc		equality_convention	regular	1	stressed	final
2249	thirst	þurst	*θúrstuz	pgmc	*θúrstuz	pgmc		equality_convention	regular	1	stressed	final
2250	thistle	þistles	*θéstilaz	pgmc	*θístilas	pgmc		explicit_sidecar	late_analogy	1	stressed	final
2251	thorn	þorn	*θúrnaz	pgmc	*θúrnaz	pgmc		equality_convention	regular	1	stressed	final
2252	thousand	þūsend	*θūs-undī	pgmc	*θūs-èndi	preoe	transponent	explicit_sidecar	early_analogy	1	stressed	final
2253	thrash	þresċan	*θréskaną	pgmc	*θréskaną	pgmc		equality_convention	regular	1	stressed	final
2254	three	þrīe	*θréjez	pgmc	*θréjez	pgmc		equality_convention	attested_variant	1	stressed	final
2255	thunder	þunor	*θúnraz	pgmc	*θúnraz	pgmc		equality_convention	regular	1	stressed	final
2256	tick	ticca	*tíkkô	pgmc	*tíkkô	pgmc		equality_convention	regular	1	stressed	final
2257	tide	tīd	*tī́diz	pgmc	*tḯdiz	pgmc		explicit_sidecar	regular	1	stressed	final
2258	timber	timber	*tímrą	pgmc	*tímbrą	pgmc		explicit_sidecar	early_analogy	1	stressed	final
2259	toe	tā	*táixōn	pgmc	*táixōn	pgmc		equality_convention	regular	1	stressed	final
2260	token	tācn	*táikną	pgmc	*táikną	pgmc		equality_convention	regular	1	stressed	final
2261	tongs	tang	*tángō	pgmc	*tángō	pgmc		equality_convention	regular	1	stressed	final
2262	tongue	tunge	*túngōn	pgmc	*túngōn	pgmc		equality_convention	regular	1	stressed	final
2263	town	tūn	*tūną	pgmc	*tūną	pgmc		equality_convention	regular	1	stressed	final
2264	tread	tredan	*trédaną	pgmc	*trédaną	pgmc		equality_convention	regular	1	stressed	final
2265	trough	trog	*trúgą	pgmc	*trúgą	pgmc		equality_convention	regular	1	stressed	final
2266	wade	wadan	*wádaną	pgmc	*wádaną	pgmc		equality_convention	regular	1	stressed	final
2267	wain	wæġn	*wágnaz	pgmc	*wágnaz	pgmc		equality_convention	regular	1	stressed	final
2268	wake	wacan	*wakēną	pgmc	*wákaną	pgmc		explicit_sidecar	early_analogy	1	stressed	final
2269	warp	wearp	*wárpą	pgmc	*wárpą	pgmc		equality_convention	regular	1	stressed	final
2270	warp	weorpan	*wérpaną	pgmc	*wérpaną	pgmc		equality_convention	regular	1	stressed	final
2271	wart	wearte	*wártōn	pgmc	*wártōn	pgmc		equality_convention	regular	1	stressed	final
2272	wash	wascan	*wáskaną	pgmc	*wáskaną	pgmc		equality_convention	regular	1	stressed	final
2273	wasp	wæfs	*wábsaz	pgmc	*wábsaz	pgmc		equality_convention	attested_variant	1	stressed	final
2274	water	wæter	*wátną	pgmc	*wátōr	pgmc		explicit_sidecar	early_analogy	1	stressed	final
2275	wax	weax	*wáxsą	pgmc	*wáxsą	pgmc		equality_convention	regular	1	stressed	final
2276	wax	weaxan	*wáxsaną	pgmc	*wáxsaną	pgmc		equality_convention	regular	1	stressed	final
2277	way	weġ	*wégaz	pgmc	*wégaz	pgmc		equality_convention	regular	1	stressed	final
2278	weapon	wǣpn	*wḗpną	pgmc	*wḗpną	pgmc		equality_convention	regular	1	stressed	final
2279	weasel	wesle	*wéslōn	pgmc	*wéslōn	pgmc		equality_convention	regular	1	stressed	final
2280	weather	weder	*wédrą	pgmc	*wédrą	pgmc		equality_convention	regular	1	stressed	final
2281	weave	wefan	*wébaną	pgmc	*wébaną	pgmc		equality_convention	regular	1	stressed	final
2282	west	westene	*wéstanē	pgmc	*wéstanē	pgmc		equality_convention	regular	1	stressed	final
2283	wether	weþer	*wíθrą	pgmc	*wíθrą	pgmc		equality_convention	regular	1	stressed	final
2284	whale	hwæl	*wálaz	pgmc	*xwálaz	pgmc		explicit_sidecar	early_analogy	1	stressed	final
2285	while	hwīl	*xwī́lō	pgmc	*xwḯlō	pgmc		explicit_sidecar	regular	1	stressed	final
2286	whine	hwīnan	*wainōjaną	pgmc	*xwḯnaną	pgmc		explicit_sidecar	early_analogy	1	stressed	final
2287	whore	hōre	*xōrōn	pgmc	*xōrōn	pgmc		equality_convention	regular	1	stressed	final
2288	widow	wuduwe	*wíduwōn	pgmc	*wíduwōn	pgmc		equality_convention	regular	1	stressed	final
2289	wield	wealdan	*wáldaną	pgmc	*wáldaną	pgmc		equality_convention	regular	1	stressed	final
2290	wife	wīf	*wī́bą	pgmc	*wḯbą	pgmc		explicit_sidecar	regular	1	stressed	final
2291	wight	wiht	*wéxtiz	pgmc	*wéxtiz	pgmc		equality_convention	regular	1	stressed	final
2292	will	willan	*wéljaną	pgmc	*wéljaną	pgmc		equality_convention	regular	1	stressed	final
2293	will	willa	*wéljô	pgmc	*wéljô	pgmc		equality_convention	regular	1	stressed	final
2294	wind	windan	*wíndaną	pgmc	*wíndaną	pgmc		equality_convention	regular	1	stressed	final
2295	winter	winter	*wíntruz	pgmc	*wíntruz	pgmc		equality_convention	regular	1	stressed	final
2296	withy	wīþiġ	*wáiθiz	pgmc	*wḯθagą	pgmc		explicit_sidecar	early_analogy	1	stressed	final
2297	wold	weald	*wálθuz	pgmc	*wálθuz	pgmc		equality_convention	regular	1	stressed	final
2298	wolf	wulf	*wúlfaz	pgmc	*wúlfaz	pgmc		equality_convention	unexplained_unmodelled	1	stressed	final
2299	wonder	wundor	*wúndrą	pgmc	*wúndrą	pgmc		equality_convention	regular	1	stressed	final
2300	wool	wull	*wúllō	pgmc	*wúllō	pgmc		equality_convention	unexplained_unmodelled	1	stressed	final
2301	word	word	*wúrdą	pgmc	*wúrdą	pgmc		equality_convention	regular	1	stressed	final
2302	world	weorold	*wíra-àldiz	pgmc	*wír-àldu	pgmc	transponent	explicit_sidecar	early_analogy	1	stressed	final
2303	worm	wyrm	*wúrmiz	pgmc	*wúrmiz	pgmc		equality_convention	regular	1	stressed	final
2304	wring	wringan	*wrínganą	pgmc	*wrínganą	pgmc		equality_convention	regular	1	stressed	final
2305	yarn	ġearn	*gárną	pgmc	*gárną	pgmc		equality_convention	regular	1	stressed	final
2306	year	ġēar	*jḗrą	pgmc	*jḗrą	pgmc		equality_convention	regular	1	stressed	final
2307	yoke	ġeoc	*júką	pgmc	*júką	pgmc		equality_convention	regular	1	stressed	final
2308	youth	ġeoguþ	*júgunθiz	pgmc	*júgunθ	pwgmc		explicit_sidecar	early_analogy	1	stressed	final
2309	make (iptv.2sg)	maca	*makōną	pgmc	*mákô	pgmc		explicit_sidecar	late_analogy	1	stressed	final
2310	make (3sg)	macaþ	*makōną	pgmc	*mákōθi	pgmc		explicit_sidecar	late_analogy	1	stressed	final
2311	bore (iptv.2sg)	bora	*burōną	pgmc	*búrô	pgmc		explicit_sidecar	late_analogy	1	stressed	final
2312	bore (3sg)	boraþ	*burōną	pgmc	*búrōθi	pgmc		explicit_sidecar	late_analogy	1	stressed	final
2313	learn (iptv.2sg)	liorna	*liznōjaną	pgmc	*líznô	pgmc		explicit_sidecar	late_analogy	1	stressed	final
2314	learn (3sg)	liornaþ	*liznōjaną	pgmc	*líznōθi	pgmc		explicit_sidecar	late_analogy	1	stressed	final
2315	lick (iptv.2sg)	licca	*likkōną	pgmc	*líkkô	pgmc		explicit_sidecar	late_analogy	1	stressed	final
2316	lick (3sg)	liccaþ	*likkōną	pgmc	*líkkōθi	pgmc		explicit_sidecar	late_analogy	1	stressed	final
2317	show (iptv.2sg)	sċēawa	*skawōną	pgmc	*skáwô	pgmc		explicit_sidecar	late_analogy	1	stressed	final
2318	show (3sg)	sċēawaþ	*skawōną	pgmc	*skáwōθi	pgmc		explicit_sidecar	late_analogy	1	stressed	final
2322	who	hwā	*xwáz	pgmc	*xwáz	pgmc		equality_convention	regular	1	stressed	final
2326	you	ēow	*ízwiz	pgmc	*ízwiz	pgmc		equality_convention	regular	1	unstressed	final
2327	wound	wundude	*wúndōdē	pgmc	*wúndōdē	pgmc		equality_convention	regular	1	stressed	final
2328	sow	sāwan	*sḗaną	pgmc	*sḗaną	pgmc		equality_convention	regular	1	stressed	final
2329	betray	lǣwan	*lḗwijaną	pgmc	*lḗwijaną	pgmc		equality_convention	regular	1	stressed	final
2330	thought	þōhte	*θánxtē	pgmc	*θánxtē	pgmc		equality_convention	regular	1	stressed	final
2332	hue	hīew	*xíwją	pgmc	*xíwją	pgmc		equality_convention	regular	1	stressed	final
