row_id	source_key	status	evidence_ids	search_basis	assessment
1983	Kroonen2013	evidence_found	cud-kroonen-stem	Resin homonym2, full entry on printed315 checked against sheet355 image.	Distinguish u-stem citation and homonym marker from CAPR full-word/dental/stress choices.
1983	Orel2003	evidence_found	cud-orel-formation	OE cwidu index227 and *kwedwō(n) entry on printed227; image checked.	An e-form with different morphology; not a second quotation of Kroonen's masculine u-stem.
1983	RingeTaylor2014	evidence_found	cud-ringe-taylor-wgmc	cwidu and *kwidu passage under PAGE338 with printed323 running head and source index323.	The author begins at PWGmc i here; no explicit PGmc form or leveling-from-cwedu argument in this passage.
1983	ClarkHall1960	discussion_only	cud-clark-hall-variants	cwudu headword on printed69 checked against sheet84 image.	The dictionary does not independently verify selected cwedu in this entry; broader target-attestation check remains open.
2040	Ringe2017	evidence_found	gift-ringe-pgmc	Released gift comparison with image-verified printed135; exact searchable *giftiz passage rechecked.	Preserve the explicit PGmc form and the plural status of the OE comparison.
2332	Orel2003	evidence_found	hue-orel-headword	Released hue source ledger and exact local xewjan entry171-172.	Retain e and the authored ending; no unsupported stage relabeling.
2332	Kroonen2013	evidence_found	hue-kroonen-stem	Released hue source ledger and exact heuja entry224.	Separate morphology/notation from genuinely different inherited-vowel proposals.
2332	RingeTaylor2014	evidence_found	hue-ringe-taylor-pgmc	Released hue comparison with image-verified printed250.	The defended i choice is explicit but the proposed glide analysis is qualified.
2332	Fulk2018	discussion_only	hue-fulk-raising;hue-fulk-objection	Released image-verified raising and objection passages59,71-72,126.	No fabricated Fulk whole-word hue form; retain the argument and substantive objection separately.
2126	Cercignani1979	evidence_found	milk-cercignani-citation;milk-cercignani-genitive-earlier;milk-cercignani-genitive-later	Complete article72-82 read; milk passage75 and its original image checked, including barred consonants and the genitive chain.	Three forms in different cells/states, not three independent reconstruction votes or an endorsed change to *mélukz.
2174	Cercignani1979	evidence_found	seven-cercignani-citation	Complete article72-82 read; seven passage75 and original page image checked.	Capture the e-bearing citation and distinguish the proposed inflected source of i from universal raising before u.
2082	Cercignani1980	evidence_found	horn-cercignani-citation	Complete substantive article126-134 read; horn and footnote8 on127 image checked.	PGmc u is explicit; author h and final an must not be silently converted into CAPR notation.
2137	Cercignani1980	evidence_found	nest-cercignani-citation	Complete substantive article126-134 read; footnote7 on127 image checked.	Preserve the author's az ending and the disagreement about lowering date independently of root-vowel agreement.
2040	Cercignani1980	discussion_only	raising-cercignani-dating	Abstract126 and complete section1,126-129, read; opening conditioning statement image checked.	Relevant objection to inherited-raising dating, not Cercignani's quoted whole-word gift reconstruction.
2294	Cercignani1980	discussion_only	raising-cercignani-dating	Abstract126 and section1,126-129, read; compare printed wind noun from PIE *wentos with corpus windan/*wíndaną.	Only the general raising/dating argument applies; the noun example does not attest this verb's reconstruction.
2332	Cercignani1980	discussion_only	raising-cercignani-dating	Abstract126 and section1,126-129, read; high-front-vocalic environment compared with the existing hue input question.	Relevant counterargument to PGmc dating, with no fabricated whole-word hue form.
2119	Cercignani1980	discussion_only	man-cercignani-nasalization	Complete body126-134 read; distinguish wer/*wiraz on127 from man[n]/mon[n] on134 and the corpus's selected mannes.	Nasalization discussion concerns the correct etymon, but neither the wer reconstruction nor an attested nominative is the selected genitive's whole-word source.
