evidence_id	row_ids	source_key	printed_pages	locator	diplomatic_form	asserted_stage	form_kind	cell	comparison_form	normalization_basis	argument	verification	confidence	quoted_author	basis	notes
cud-kroonen-stem	1983	Kroonen2013	315	s.v. *kwedu- 2	*kwedu-	pgmc_dictionary_context	stem	masculine u-stem; homonym2	*kwedu-	Separate printed homonym2 from the reconstructed stem.	The resin entry supplies an e-vowel u-stem and OE cwidu/cweodu/c(w)udu; it does not print CAPR's whole-word *kwéðuz.	page_image_checked	high		docs/references/kroonen_etymological_dictionary_pgmc.pdf	The actual printed folio is315; prior ledger/model cite sheet355.
cud-orel-formation	1983	Orel2003	227	s.v. *kwedwō(n)	*kwedwō(n)	germanic_dictionary_context	word	feminine; n-parenthesis retained	*kwedwō(n)	No conversion to a masculine u-stem or to CAPR *kwéðuz.	Lists OE cwidu and considers the long-vowel Scandinavian variant secondary; its headword morphology differs from Kroonen's u-stem.	page_image_checked	high		docs/references/orel_handbook_germanic_etymology.pdf	Source headword is not an independent quotation of *kwéðuz; prior citation266 is the sheet.
cud-ringe-taylor-wgmc	1983	RingeTaylor2014	323	back umlaut examples; source index *kwidu323	*kwidu	PWGmc	word	citation cell not specified	*kwidu	Retain the explicitly stated WGmc level; OCR PWGmce is not a PGmc label.	The passage starts from WGmc i, gives cwidu>cwudu>cudu and lateWS cweodu; it does not here quote a PGmc i form or establish cwidu as leveled from cwedu.	text_checked	high		docs/references/ringe_taylor_linguistic_history_vol2.txt	PAGE338 contains printed323, independently confirmed by the source index. Direct local PDF is unavailable.
cud-clark-hall-variants	1983	ClarkHall1960	69	s.v. cwudu	cwudu (eo, i)	oe	attestation	dictionary headword; neuter			Records cud/resin and eo/i variants, but not the selected spelling cwedu in this entry.	page_image_checked	high		docs/references/clark_hall_concise_anglo_saxon_dictionary.pdf	Sheet84 is printed69; cudu and cweodu cross-references require their own folio checks.
gift-ringe-pgmc	2040	Ringe2017	135	nominal formation from *gebaną	*giftiz	pgmc	word	i-stem noun; cited OE comparison is plural	*giftiz	No CAPR lexical acute is inserted in the diplomatic form.	Explicit PGmc i reconstruction; OE plural gifta is not an attestation of CAPR's selected singular cell.	verified_ledger	high		Germanic/docs/lexeme_reports/model_entries/2040-gift-ġift.model.md	Transferred from the released visually verified gift comparison; broader source coverage remains unchecked.
hue-orel-headword	2332	Orel2003	171-172	s.v. *xewjan	*xewjan	germanic_dictionary_context	word	neuter headword	*xewjan	Do not replace the author's ending with CAPR's neuter *-ją.	Explicit e-form; derives it probably from *xawwanan, rather than silently characterizing it as pre-PGmc.	verified_ledger	high		Germanic/docs/lexeme_reports/model_entries/2332-hue-hīew.source_ledger.md	Released ledger records image verification and the continued entry across171-172.
hue-kroonen-stem	2332	Kroonen2013	224	s.v. *heuja-	*heuja-	pgmc_dictionary_context	stem	neuter ja-stem	*heuja-	Keep eu and stem citation; h/x, prevocalic u/w and CAPR acute are separate normalizations.	Published e/eu alternative with derivational/Dybo argument; not automatically abstract or pre-PGmc.	verified_ledger	high		Germanic/docs/lexeme_reports/model_entries/2332-hue-hīew.source_ledger.md	Source's stem is not a quotation of CAPR's complete selected input.
hue-ringe-taylor-pgmc	2332	RingeTaylor2014	250	special j-created glide history	*hiwją	pgmc	word	neuter citation form	*hiwją	Keep the source initial h and unaccented citation.	Explicit PGmc i and a proposed iww>iuw>long-iow history; the authors call the later development surprising and phonemic analysis uncertain.	verified_ledger	high		Germanic/docs/lexeme_reports/model_entries/2332-hue-hīew.source_ledger.md	Source-backed input preference does not erase the dictionary e alternatives.
hue-fulk-raising	2332	Fulk2018	59	inherited e/eu raising		pgmc	process	not a quoted whole-word hue form			Supports e/eu raising before i/j, independently of OE mutation; supplies no complete hue reconstruction here.	verified_ledger	high		Germanic/docs/lexeme_reports/model_entries/2332-hue-hīew.source_ledger.md	Process evidence must not be displayed as Fulk's authored whole-word hue.
hue-fulk-objection	2332	Fulk2018	71-72,126	j-created geminates and their dismantling		author_discussion	process	not a replacement whole-word hue reconstruction			Objects to consonantal assumptions and geminate dismantling in the traditional glide account; this is a substantive counterargument, not endorsement of every modeled arrow.	verified_ledger	high		Germanic/docs/lexeme_reports/model_entries/2332-hue-hīew.source_ledger.md	Source uncertainty concerns the account, not an automatic change of canonical stage/confidence.
milk-cercignani-citation	2126	Cercignani1979	75	milk comparison in the argument against general u-raising	*/meluks/	germanic_reconstruction_context	word	citation form; not CAPR's z-final input	*meluks	Remove phonemic slashes only; retain s, quantity and absence of acute.	The e-form is contrasted with i-bearing reflexes; the author proposes raising in inflected forms rather than general e-to-i raising before u.	page_image_checked	high		docs/references/cercignani_1979_pgmc_i_and_e_revisited.pdf	The whole-word ending differs from current *mélukz; no silent s/z or case harmonization.
milk-cercignani-genitive-earlier	2126	Cercignani1979	75	proposed genitive singular antecedent	*/melukez/	early_germanic_unspecified	word	genitive singular; earlier member of the proposed chain	*melukez	Remove phonemic slashes only; do not insert CAPR stress or assign a PGmc date.	Explicit earlier e-bearing genitive in the proposed source of raised paradigm forms.	page_image_checked	high		docs/references/cercignani_1979_pgmc_i_and_e_revisited.pdf	This is a different cell, not the corpus's selected citation input.
milk-cercignani-genitive-later	2126	Cercignani1979	75	proposed genitive singular result	*/melukiz/	early_germanic_unspecified	word	genitive singular; later member of the proposed chain	*melukiz	Remove phonemic slashes only; preserve i separately from the earlier e-form.	The raised vowel in an inflected form is proposed to explain i-bearing reflexes; the passage does not date this complete form explicitly to PGmc.	page_image_checked	high		docs/references/cercignani_1979_pgmc_i_and_e_revisited.pdf	Alternatives and paradigm members must not be collapsed into one author headword.
seven-cercignani-citation	2174	Cercignani1979	75	seven comparison beside milk	*/seƀun/	germanic_reconstruction_context	word	cardinal citation; proposed inflected cells discussed separately	*seƀun	Remove phonemic slashes only; preserve the printed barred b.	Retains e in the cited antecedent and proposes raising before final i in inflected forms to explain i-bearing reflexes, rather than treating u as a universal raising trigger.	page_image_checked	high		docs/references/cercignani_1979_pgmc_i_and_e_revisited.pdf	The author's proposed dative is not silently substituted for CAPR's selected cardinal.
horn-cercignani-citation	2082	Cercignani1980	127	horn in the traditional lowering examples; footnote8	*/hurnan/	pgmc	word	citation; not CAPR's nasal-vowel spelling	*hurnan	Remove phonemic slashes only; preserve the author's h and final an.	Prints a PGmc u-form while contesting PGmc dating of the lowering account. Footnote8 defines h as a voiceless velar spirant.	page_image_checked	high		docs/references/cercignani_1980_early_umlaut.pdf	An author's h/x convention and an/an-nasal-vowel ending comparison require separate explanations.
nest-cercignani-citation	2137	Cercignani1980	127	footnote7, nest among lowering examples	*/nistaz/	pgmc	word	citation; ending differs from CAPR's selected neuter form	*nistaz	Remove phonemic slashes only; retain az rather than substituting CAPR ą.	Explicit PGmc i-form in a lowering comparison; the author rejects treating the resulting lowering as an established PGmc allophonic process.	page_image_checked	high		docs/references/cercignani_1980_early_umlaut.pdf	Agreement on root i does not establish agreement on stem ending or selected cell.
raising-cercignani-dating	2040;2294;2332	Cercignani1980	126-129	abstract and section1, alleged PGmc umlaut		prehistory_of_individual_languages	process	general conditioning/dating argument; no quoted gift, windan or hue form			Recognizes the proposed high-front-vocalic and nasal-plus-consonant raising environments but argues against reconstructing a shared PGmc allophonic stage, assigning the modifications to individual-language prehistories.	page_image_checked	high		docs/references/cercignani_1980_early_umlaut.pdf	The printed wind example is the noun from PIE *wentos, not corpus2294 windan. These links are process relevance, never an authored verb reconstruction.
man-cercignani-nasalization	2119	Cercignani1980	134	conclusion, OE/OFris man[n]/mon[n]		oe_and_old_frisian	process	written nominal examples; not the selected OE genitive			Uses the man[n]/mon[n] variants as evidence of strong nasalization in the Ingvaeonic languages; supplies neither CAPR's whole PGmc mannaz nor its selected genitive here.	text_checked	high		docs/references/cercignani_1980_early_umlaut.txt	The PGmc */wiraz/ on127 is the different wer etymon and must not be linked as this row's reconstruction.
