rationale_id	analysis_ids	comparison_ids	basis_type	support_mode	evidence_ids	statement	premises	counterarguments	reason_target	conditioning_tags
r-1948-ringe-j-raising	a-ringe-complete-ask-present-1948;a-1948-ringe-raising-argument	core-1948	sound_law	source_explicit	ringe-ask-raising-argument;ringe-complete-ask-present	Ringe pp.151-152 supply short-e ask intermediates before short-i PGmc present forms, and p.273 explicitly attributes the raised present-root vowel to j.	The source's ask etymon and short-vowel present derivation are distinguished from offer and from long-ī wait. This records a position argument under Ringe's stated conditioner; it does not back-date the intermediates or manufacture a PGmc e-bearing infinitive.	Kroonen's defended e-bearing stem and Orel's long-i antecedent require their own representational and derivational premises. This does not establish why the authors disagree or complete the conditioning census.	position_support	following_j
r-1933-formations	a-1933-orel-core-1933-01;a-1933-orel-core-1933-02;a-1933-orel-core-1933-03;a-1933-kroonen-core-1933-1;a-1933-kroonen-core-1933-2;a-1933-kroonen-core-1933-3	core-1933	morphological_argument	analyst_inference	orel-core-1933-01;orel-core-1933-02;orel-core-1933-03;kroonen-core-1933-1;kroonen-core-1933-2;kroonen-core-1933-3	The quoted feminine and masculine formations belong to separate positions; a shared long-vowel feminine citation does not reconcile short-vowel masculine or alternative feminine forms.	The reason applies only to the stated unit/position; it does not select CAPR's current input.	Explains the comparison boundary, not why every historical alternative arose.	position_support	
r-1983-formations	a-1983-cud-kroonen-stem;a-1983-cud-orel-formation;a-1983-cud-ringe-taylor-wgmc	core-1983	morphological_argument	analyst_inference	cud-orel-formation;cud-kroonen-stem;cud-ringe-taylor-wgmc	Gender/stem and an explicitly later starting point make this more than an e/i spelling comparison.	The reason applies only to the stated unit/position; it does not select CAPR's current input.	The causes of the rival formation and the selected target's history remain open.	position_support	
r-1996-derivation	a-1996-kroonen-core-1996-1;a-1996-orel-core-1996-1;a-1996-orel-core-1996-2	core-1996	morphological_argument	source_explicit	kroonen-core-1996-1;orel-core-1996-1;orel-core-1996-2	Kroonen supplies a causative drench formation; Orel supplies related drink nouns. These source positions explain why the extracted forms have different derivational units.	The reason applies only to the stated unit/position; it does not select CAPR's current input.	The family comparison does not supply an authored Orel drench verb.	position_support	
r-2011-nasal	a-2011-find-orel-headword;a-2011-find-kroonen-stem	core-2011	sound_law	analyst_inference	find-orel-headword;find-kroonen-stem;orel-e-i-convention;kroonen-e-i-inventory	The citation e/i difference belongs with Orel's etymology/ablaut convention and Kroonen's nasal-raising account; it is not the u-grade selected participle.	The reason applies only to the stated unit/position; it does not select CAPR's current input.	The general method passages do not explicitly explain this entry against the other dictionary. Dating and paradigm alignment remain separate.	position_support	
r-2040-family	a-2040-gift-orel-headword;a-2040-kroonen-core-2040-1;a-2040-kroonen-core-2040-2	core-2040	morphological_argument	analyst_inference	gift-orel-headword;kroonen-core-2040-1;kroonen-core-2040-2	Orel's iz noun and Kroonen's ō-/ōn- gift-family formations are not two quotations of the same i-stem.	The reason applies only to the stated unit/position; it does not select CAPR's current input.	No absence of an exact citation is an objection to Ringe's form.	position_support	
r-2040-raising	a-2040-gift-ringe-pgmc;a-2040-raising-cercignani-dating;a-2040-raising-ringe-high-front;a-2040-gift-orel-headword	core-2040	sound_law	analyst_inference	gift-ringe-pgmc;gift-orel-headword;raising-ringe-high-front;raising-cercignani-dating	Ringe's inherited high-front raising supplies an account of giftiz; Cercignani's dating objection is a chronological rival, not merely transcription.	The reason applies only to the stated unit/position; it does not select CAPR's current input.	The PGmc date is qualified; no general dictionary e→i normalization follows.	position_support	
r-2075-identity	a-2075-hind-orel-headword;a-2075-hind-kroonen-stem	core-2075	lexical_identification	source_explicit	hind-orel-headword;hind-kroonen-stem	Orel's principal young/new connection and Kroonen's probable hornless connection are different etymological bases.	The reason applies only to the stated unit/position; it does not select CAPR's current input.	Orel also retains bibliography alternatives; the quoted positions are not a vote to settle the etymology.	position_support	
r-2085-paradigm	a-2085-kroonen-core-2085-1;a-2085-orel-core-2085-1	core-2085	morphological_argument	source_explicit	orel-core-2085-1;kroonen-core-2085-1	The thematic-derivative and proterodynamic/genitive accounts supply different morphological explanations for the citations.	The reason applies only to the stated unit/position; it does not select CAPR's current input.	Neither dictionary citation is the selected dative, and this comparison does not reopen the adopted dative.	position_support	
r-2119-analogy	a-2119-kroonen-core-2119-5;a-2119-kroonen-core-2119-6;a-2119-kroonen-core-2119-7;a-2119-kroonen-core-2119-8;a-2119-kroonen-core-2119-9;a-2119-kroonen-core-2119-10	core-2119	analogy	source_explicit	kroonen-core-2119-5;kroonen-core-2119-6;kroonen-core-2119-7;kroonen-core-2119-8;kroonen-core-2119-9;kroonen-core-2119-10	Kroonen separates an n-stem singular/root-noun plural, stated PGmc syncope and analogical singular forms.	The reason applies only to the stated unit/position; it does not select CAPR's current input.	The plural syncope forms are not genitives; mannaz is not an exact selected mannas quotation.	position_support	
r-2254-cells	a-2254-three-orel-headword;a-2254-three-kroonen-nominative;a-2254-three-ringe-pgmc;a-2254-kroonen-core-2254-1	core-2254	morphological_argument	analyst_inference	three-orel-headword;three-kroonen-nominative;kroonen-core-2254-1;three-ringe-pgmc	Short stem, long nominative, unlabelled cardinal citation and later OE added ending must be compared by cell before vocalism is adopted.	The reason applies only to the stated unit/position; it does not select CAPR's current input.	This unit explanation does not prove that the two dictionaries' stage definitions are equivalent.	position_support	
r-2254-method	a-2254-orel-e-i-convention;a-2254-kroonen-e-i-inventory;a-2254-raising-ringe-high-front	core-2254	method	analyst_inference	orel-e-i-convention;kroonen-e-i-inventory;raising-ringe-high-front	Inventory/notation, conditioned raising and qualified chronology are independent premises of the comparison.	The reason applies only to the stated unit/position; it does not select CAPR's current input.	Identical vowel letters alone do not prove agreement about phonemic inventory.	position_support	
r-2272-loan	a-2272-kroonen-core-2272-1;a-2272-orel-core-2272-1;a-2272-orel-core-2272-2	core-2272	loan_hypothesis	source_explicit	orel-core-2272-1;orel-core-2272-2;kroonen-core-2272-1	Orel's PGmc-membership argument depends on whether the Norse evidence is inherited or a West Germanic loan; Kroonen gives a water/ske-present account.	The reason applies only to the stated unit/position; it does not select CAPR's current input.	This records the borrowing premise, not an adopted loan verdict or a default PGmc date.	position_support	
r-2302-compound	a-2302-kroonen-core-2302-1;a-2302-kroonen-core-2302-2;a-2302-orel-core-2302-1;a-2302-orel-core-2302-2	core-2302	morphological_argument	analyst_inference	orel-core-2302-1;orel-core-2302-2;kroonen-core-2302-1;kroonen-core-2302-2	An authored compound and separately authored components are different evidential units.	The reason applies only to the stated unit/position; it does not select CAPR's current input.	Kroonen's suffix or whole compound cannot be assembled and attributed to him.	position_support	
r-2332-pie	a-2332-hue-kroonen-stem;a-2332-kroonen-core-2332-2;a-2332-kroonen-core-2332-3	core-2332	pie_reconstruction	source_explicit	hue-kroonen-stem;kroonen-core-2332-2;kroonen-core-2332-3	Kroonen's heuja- is argued through a deeper PIE formation and Dybo's law.	The reason applies only to the stated unit/position; it does not select CAPR's current input.	Deeper antecedents and the Nordic hīwa- comparison are not replacement dictionary headwords.	position_support	
r-2332-dating	a-2332-hue-orel-headword;a-2332-hue-ringe-taylor-pgmc;a-2332-hue-fulk-objection;a-2332-raising-cercignani-dating;a-2332-raising-ringe-high-front	core-2332	chronology	analyst_inference	hue-orel-headword;hue-ringe-taylor-pgmc;raising-ringe-high-front;raising-cercignani-dating;hue-fulk-objection	The inherited high-front account, shared-PGmc dating objection and objections to later diphthong analysis are distinct disputes.	The reason applies only to the stated unit/position; it does not select CAPR's current input.	Ringe-Taylor explicitly leaves later phonemic analysis uncertain; Fulk does not offer a new whole-word reconstruction here.	position_support	
r-1940-kroonen-core-1940-1-argument	a-1940-kroonen-core-1940-1	core-1940	analogy	source_explicit	kroonen-core-1940-1	Recorded argument for this position: The beard sense may develop from prickle/edge; its ablaut slot is judged analogical after the zero grade, supporting possible Germanic borrowing into Balto-Slavic and Latin.	The reason applies only to the stated unit/position; it does not select CAPR's current input.	This is the position's own stated argument, not an established explanation of the difference between authors. Alternatives, cells and historical stages still require alignment; inherited bibliography proposals are not automatically endorsed.	position_support	
r-1953-kroonen-core-1953-1-argument	a-1953-kroonen-core-1953-1	core-1953	sound_law	source_explicit	kroonen-core-1953-1	Recorded argument for this position: The z was assimilated after r in Gothic and, after rhotacism, North/West Germanic; a secondary zero grade preserves the otherwise invisible consonant.	The reason applies only to the stated unit/position; it does not select CAPR's current input.	This is the position's own stated argument, not an established explanation of the difference between authors. Alternatives, cells and historical stages still require alignment; inherited bibliography proposals are not automatically endorsed.	position_support	
r-1975-kroonen-core-1975-1-argument	a-1975-kroonen-core-1975-1	core-1975	pie_reconstruction	source_explicit	kroonen-core-1975-1	Recorded argument for this position: Old s-stem with explicitly different singular/plural vowels; rejects Greek womb comparison on initial labiovelar and root-vowel grounds.	The reason applies only to the stated unit/position; it does not select CAPR's current input.	This is the position's own stated argument, not an established explanation of the difference between authors. Alternatives, cells and historical stages still require alignment; inherited bibliography proposals are not automatically endorsed.	position_support	
r-1975-orel-core-1975-1-argument	a-1975-orel-core-1975-1	core-1975	pie_reconstruction	source_explicit	orel-core-1975-1	Recorded argument for this position: OE cealf is explicitly cited. Despite the initial-consonant discrepancy, Orel relates the word to Sanskrit garbha 'womb' and associated Indo-European formations; the bibliography also records an older s-stem proposal.	The reason applies only to the stated unit/position; it does not select CAPR's current input.	This is the position's own stated argument, not an established explanation of the difference between authors. Alternatives, cells and historical stages still require alignment; inherited bibliography proposals are not automatically endorsed.	position_support	
r-2013-kroonen-core-2013-1-argument	a-2013-kroonen-core-2013-1	core-2013	morphological_argument	source_explicit	kroonen-core-2013-1	Recorded argument for this position: PGmc preserves r/n heteroclisy; West Germanic generalized r, while Gothic moved the word into neuter n-stems.	The reason applies only to the stated unit/position; it does not select CAPR's current input.	This is the position's own stated argument, not an established explanation of the difference between authors. Alternatives, cells and historical stages still require alignment; inherited bibliography proposals are not automatically endorsed.	position_support	
r-2013-orel-core-2013-1-argument	a-2013-orel-core-2013-1	core-2013	morphological_argument	source_explicit	orel-core-2013-1	Recorded argument for this position: Cites OE fȳr with Indo-European fire comparisons. ON masculine i-stem and *furaz are separately noted, and the entry directs the reader to *funōn.	The reason applies only to the stated unit/position; it does not select CAPR's current input.	This is the position's own stated argument, not an established explanation of the difference between authors. Alternatives, cells and historical stages still require alignment; inherited bibliography proposals are not automatically endorsed.	position_support	
r-2013-orel-core-2013-3-argument	a-2013-orel-core-2013-3	core-2013	morphological_argument	source_explicit	orel-core-2013-3	Recorded argument for this position: The fire cross-reference reconstructs the old oblique n-forms of an r/n-stem, reflected by Gothic fōn and genitive funins; derives WGmc spark *funkōn from it.	The reason applies only to the stated unit/position; it does not select CAPR's current input.	This is the position's own stated argument, not an established explanation of the difference between authors. Alternatives, cells and historical stages still require alignment; inherited bibliography proposals are not automatically endorsed.	position_support	
r-2068-kroonen-core-2068-1-argument	a-2068-kroonen-core-2068-1	core-2068	analogy	source_explicit	kroonen-core-2068-1	Recorded argument for this position: Paradigm-based split is preferred to shared OE/OS syncope; genitive-based remodeling avoids expected PIE reflexes, and continental l can be dissimilation or sun influence.	The reason applies only to the stated unit/position; it does not select CAPR's current input.	This is the position's own stated argument, not an established explanation of the difference between authors. Alternatives, cells and historical stages still require alignment; inherited bibliography proposals are not automatically endorsed.	position_support	
r-2068-orel-core-2068-1-argument	a-2068-orel-core-2068-1	core-2068	analogy	source_explicit	orel-core-2068-1	Recorded argument for this position: Cites OE heofon and the l-form reflexes; proposes metathesis and vocalic changes in a thematic stone-vault/sky derivative. The bibliography retains dissimilation, alternate suffixes, cover/vault and axe-thunder-sky analyses and explicit opposition to Reichelt.	The reason applies only to the stated unit/position; it does not select CAPR's current input.	This is the position's own stated argument, not an established explanation of the difference between authors. Alternatives, cells and historical stages still require alignment; inherited bibliography proposals are not automatically endorsed.	position_support	
r-2095-kroonen-core-2095-1-argument	a-2095-kroonen-core-2095-1	core-2095	morphological_argument	source_explicit	kroonen-core-2095-1	Recorded argument for this position: Inchoative continuing a medio-passive factitive neh₂-present, to make oneself know; imperative/3sg whole words remain CAPR assembly.	The reason applies only to the stated unit/position; it does not select CAPR's current input.	This is the position's own stated argument, not an established explanation of the difference between authors. Alternatives, cells and historical stages still require alignment; inherited bibliography proposals are not automatically endorsed.	position_support	
r-2095-orel-core-2095-1-argument	a-2095-orel-core-2095-1	core-2095	morphological_argument	source_explicit	orel-core-2095-1	Recorded argument for this position: Cites OE leornian and derives both formations from *laisa know. That entry calls origin uncertain and preserves objections to a *leis- root and Gothic-innovation analyses.	The reason applies only to the stated unit/position; it does not select CAPR's current input.	This is the position's own stated argument, not an established explanation of the difference between authors. Alternatives, cells and historical stages still require alignment; inherited bibliography proposals are not automatically endorsed.	position_support	
r-2108-kroonen-core-2108-1-argument	a-2108-kroonen-core-2108-1	core-2108	lexical_identification	source_explicit	kroonen-core-2108-1	Recorded argument for this position: Irregular IE liver continuant, with initial l and labialization change problematic; umlaut may be leveled from an old locative, explicitly PN in the immediate precursor.	The reason applies only to the stated unit/position; it does not select CAPR's current input.	This is the position's own stated argument, not an established explanation of the difference between authors. Alternatives, cells and historical stages still require alignment; inherited bibliography proposals are not automatically endorsed.	position_support	
r-2108-orel-core-2108-1-argument	a-2108-orel-core-2108-1	core-2108	lexical_identification	source_explicit	orel-core-2108-1	Recorded argument for this position: Cites OE lifer and identifies Greek fat/greasy from smear. Says connection with the inherited liver word is hardly direct but influence is probable; bibliography separately keeps live and inherited-liver comparisons.	The reason applies only to the stated unit/position; it does not select CAPR's current input.	This is the position's own stated argument, not an established explanation of the difference between authors. Alternatives, cells and historical stages still require alignment; inherited bibliography proposals are not automatically endorsed.	position_support	
r-2135-kroonen-core-2135-1-argument	a-2135-kroonen-core-2135-1	core-2135	lexical_identification	source_explicit	kroonen-core-2135-1	Recorded argument for this position: Ti-stem to corpse/destruction root, with need/distress senses and a separate compel derivative.	The reason applies only to the stated unit/position; it does not select CAPR's current input.	This is the position's own stated argument, not an established explanation of the difference between authors. Alternatives, cells and historical stages still require alignment; inherited bibliography proposals are not automatically endorsed.	position_support	
r-2135-orel-core-2135-1-argument	a-2135-orel-core-2135-1	core-2135	lexical_identification	source_explicit	orel-core-2135-1	Recorded argument for this position: Cites OE nīd and provisionally compares Prussian need. Also compares Lithuanian need/advantage and Slavic cause/need with voiced dental; bibliography retains narrow/close and rub proposals.	The reason applies only to the stated unit/position; it does not select CAPR's current input.	This is the position's own stated argument, not an established explanation of the difference between authors. Alternatives, cells and historical stages still require alignment; inherited bibliography proposals are not automatically endorsed.	position_support	
r-2181-orel-core-2181-1-argument	a-2181-orel-core-2181-1	core-2181	lexical_identification	source_explicit	orel-core-2181-1	Recorded argument for this position: Cites OE scilling and derives the noun from *skellanan clatter/sound. Bibliography also retains shell, shield/coin, Romance little-coin, Roman shield-like grave decorations and split/cut accounts.	The reason applies only to the stated unit/position; it does not select CAPR's current input.	This is the position's own stated argument, not an established explanation of the difference between authors. Alternatives, cells and historical stages still require alignment; inherited bibliography proposals are not automatically endorsed.	position_support	
r-2185-orel-core-2185-1-argument	a-2185-orel-core-2185-1	core-2185	morphological_argument	source_explicit	orel-core-2185-1	Recorded argument for this position: Cites OE scofl and derives the noun from *skeubanan ~ *skūbanan.	The reason applies only to the stated unit/position; it does not select CAPR's current input.	This is the position's own stated argument, not an established explanation of the difference between authors. Alternatives, cells and historical stages still require alignment; inherited bibliography proposals are not automatically endorsed.	position_support	
r-2199-kroonen-core-2199-1-argument	a-2199-kroonen-core-2199-1	core-2199	morphological_argument	source_explicit	kroonen-core-2199-1	Recorded argument for this position: O-grade thematic snow noun to strong snow verb; distinct from Latin zero-grade root noun.	The reason applies only to the stated unit/position; it does not select CAPR's current input.	This is the position's own stated argument, not an established explanation of the difference between authors. Alternatives, cells and historical stages still require alignment; inherited bibliography proposals are not automatically endorsed.	position_support	
r-2199-orel-core-2199-1-argument	a-2199-orel-core-2199-1	core-2199	morphological_argument	source_explicit	orel-core-2199-1	Recorded argument for this position: Gothic is labelled a- or i-stem; ON genitives are cited. Relates a wide IE snow/rain family, with Thracian attribution questioned, and refers to *snīʒwanan. Bibliography retains a bathe comparison and suffixal analyses.	The reason applies only to the stated unit/position; it does not select CAPR's current input.	This is the position's own stated argument, not an established explanation of the difference between authors. Alternatives, cells and historical stages still require alignment; inherited bibliography proposals are not automatically endorsed.	position_support	
r-2256-kroonen-core-2256-3-argument	a-2256-kroonen-core-2256-3	core-2256	lexical_identification	source_explicit	kroonen-core-2256-3	Recorded argument for this position: Tick n-stem printed after tide; voiced velar and geminate explain reconstructed paradigm, while OE ticia is explicitly ambiguous between emendations.	The reason applies only to the stated unit/position; it does not select CAPR's current input.	This is the position's own stated argument, not an established explanation of the difference between authors. Alternatives, cells and historical stages still require alignment; inherited bibliography proposals are not automatically endorsed.	position_support	
r-2256-orel-core-2256-1-argument	a-2256-orel-core-2256-1	core-2256	lexical_identification	source_explicit	orel-core-2256-1	Recorded argument for this position: Cites ME tyke, MLG tick and OHG tick; relates Armenian bug and Irish stag-beetle. The separate imitative tick/nudge verb was read but not used as nominal identity evidence.	The reason applies only to the stated unit/position; it does not select CAPR's current input.	This is the position's own stated argument, not an established explanation of the difference between authors. Alternatives, cells and historical stages still require alignment; inherited bibliography proposals are not automatically endorsed.	position_support	
r-2258-kroonen-core-2258-1-argument	a-2258-kroonen-core-2258-1	core-2258	lexical_identification	source_explicit	kroonen-core-2258-1	Recorded argument for this position: Timber/building derivative with Greek build comparison; denominal build has distinct e-grade stem.	The reason applies only to the stated unit/position; it does not select CAPR's current input.	This is the position's own stated argument, not an established explanation of the difference between authors. Alternatives, cells and historical stages still require alignment; inherited bibliography proposals are not automatically endorsed.	position_support	
r-2258-orel-core-2258-1-argument	a-2258-orel-core-2258-1	core-2258	lexical_identification	source_explicit	orel-core-2258-1	Recorded argument for this position: From a dem-ro- formation and related to *temanan fit/befit; that verb compares Tocharian grow and Greek build, but quotes Frisk doubting original identity because of divergent meaning.	The reason applies only to the stated unit/position; it does not select CAPR's current input.	This is the position's own stated argument, not an established explanation of the difference between authors. Alternatives, cells and historical stages still require alignment; inherited bibliography proposals are not automatically endorsed.	position_support	
r-2278-kroonen-core-2278-1-argument	a-2278-kroonen-core-2278-1	core-2278	morphological_argument	source_explicit	kroonen-core-2278-1	Recorded argument for this position: Weapon b/p doublet comes from thematicized n-stem; Gothic implies thematicization already PGmc, exceptionally early compared with usual North/West Germanic cases. Brandish/wave derivation preferred.	The reason applies only to the stated unit/position; it does not select CAPR's current input.	This is the position's own stated argument, not an established explanation of the difference between authors. Alternatives, cells and historical stages still require alignment; inherited bibliography proposals are not automatically endorsed.	position_support	
r-2278-orel-core-2278-1-argument	a-2278-orel-core-2278-1	core-2278	morphological_argument	source_explicit	orel-core-2278-1	Recorded argument for this position: Relates Tocharian weapon/knife; bibliography retains a Sanskrit slay/kill comparison.	The reason applies only to the stated unit/position; it does not select CAPR's current input.	This is the position's own stated argument, not an established explanation of the difference between authors. Alternatives, cells and historical stages still require alignment; inherited bibliography proposals are not automatically endorsed.	position_support	
r-2294-wind-kroonen-verb-stem-argument	a-2294-wind-kroonen-verb-stem	core-2294	lexical_identification	source_explicit	wind-kroonen-verb-stem	Recorded argument for this position: Reconstructs the wind/twist verb from a marginally attested e-bearing root; adjacent *winda- has a different etymology and its own derivational argument.	The reason applies only to the stated unit/position; it does not select CAPR's current input.	This is the position's own stated argument, not an established explanation of the difference between authors. Alternatives, cells and historical stages still require alignment; inherited bibliography proposals are not automatically endorsed.	position_support	
r-2294-wind-orel-verb-argument	a-2294-wind-orel-verb	core-2294	lexical_identification	source_explicit	wind-orel-verb	Recorded argument for this position: Explicit wind/twist verb with OE windan and comparisons to the turn/twist root; adjacent weather-noun and adjective entries are different etyma.	The reason applies only to the stated unit/position; it does not select CAPR's current input.	This is the position's own stated argument, not an established explanation of the difference between authors. Alternatives, cells and historical stages still require alignment; inherited bibliography proposals are not automatically endorsed.	position_support	
r-2280-slavic-rival	a-2280-kroonen-core-2280-1;a-2280-orel-core-2280-1	core-2280	lexical_identification	source_explicit	orel-core-2280-1;kroonen-core-2280-1	Orel adopts a Slavic good-weather connection; Kroonen rejects the received Slavic clear-sky etymology, tests mobile-neuter dental variants and conditionally offers an extended suffix.	The reason applies only to the stated unit/position; it does not select CAPR's current input.	The recorded objections explain the competing positions, not a selected winner or a general dental mapping.	position_support	
r-2205-metadata	a-2205-kroonen-core-2205-1;a-2205-orel-core-2205-1	core-2205	lexical_identification	analyst_inference	kroonen-core-2205-1;orel-core-2205-1	The original weak spare/save verb, not its enclosing adjective entry, is the relevant position. The extracted adjective POS was our metadata error and supplies no inter-author morphological conflict.	The reason applies only to the stated unit/position; it does not select CAPR's current input.	The correction does not settle citation segmentation, historical dating or CAPR's selected input.	position_support	
r-gift-notation	a-2040-notation-diplomatic-sign;a-2040-notation-comparison-sign	notation-gift-velar	notation_convention	analyst_inference	gift-orel-headword	The already image-checked source record explicitly separates its velar-sign transcription from any stop/fricative historical inference.	The identity is restricted to this representation and this evidence record.	This does not identify Orel's e-form with Ringe's i-form or establish an inventory-wide mapping.	descriptive_bridge	
r-spare-stem	a-2205-stem-orel-core-2205-1;a-2205-stem-kroonen-core-2205-1	stem-spare-premised	morphological_argument	analyst_inference	orel-core-2205-1;kroonen-core-2205-1	Both actual source positions are the weak spare/save verb; the displayed word/stem difference is compared only under the explicitly declared citation segmentation.	Limited citation-stem equivalence; the removed an is retained in the diplomatic source and the analytical operation is not attributed to Orel.	This does not defend CAPR's selected ōjan input or establish historical stage, paradigm or inventory equivalence.	descriptive_bridge	
r-1934-rt-paradigm-position	a-rt-alignment-bake-paradigm-argument;a-rt-alignment-bake-second-singular	core-1934	analogy	source_explicit	rt-alignment-bake-paradigm-argument;rt-alignment-bake-second-singular	RT232-233 distinguishes present a-generalization from later mutation and the syncopated WS finite-cell evidence; bake's becst is that second-singular endpoint, not another PGmc infinitive.	Use the author's displayed cell/dialect and surrounding argument; no original arrow/quantity glyph is authenticated by the native text.	This position argument does not explain Kroonen's k/kk alternatives or Orel's choice of single k.	position_support	following_i;trigger_loss
r-1935-kroonen-secondary-u	a-1935-kroonen-core-1935-4;a-1935-kroonen-core-1935-5	core-1935	morphological_argument	source_explicit	kroonen-core-1935-4;kroonen-core-1935-5	Kroonen50 derives the North Germanic u-stem from the original n-stem accusative plural, keeping its branch formation distinct from the old paradigm.	Use the explicitly labelled North Germanic formation and separate plural cell; dictionary context does not date every other paradigm member.	Orel34's -uz headword does not state a competing cause in the extracted entry evidence.	position_support	
r-1940-rt-dated-optional-z	a-rt-complete-1940-001;a-rt-complete-1940-002	core-1940	chronology	source_explicit	rt-complete-1940-001;rt-complete-1940-002	RT180 displays optional z in the PGmc stem and no z in the explicitly PWGmc endpoint; the latter is locally masculine. This is a dated descriptive relation within one account.	The full native optional token is source-proved, not an OCR restoration. It does not identify the undated endpoints intended by Orel and Kroonen.	Whole-cell equivalence, the mechanism of z loss and the dictionaries' loan/cognate explanations are not established by this display.	descriptive_bridge	
r-1941-beaver-direction	a-beaver-direction-orel-core-1941-01;a-beaver-direction-kroonen-core-1941-1	beaver-colour-direction	morphological_argument	analyst_inference	orel-core-1941-01;kroonen-core-1941-1	Orel40-41's adjective-first statement and Kroonen56-57's explicitly reversed animal-first account differ in directional derivation. Kroonen invokes productive PIE u-stem colour adjectives and an ablauting animal-name paradigm; aligning his objection with Orel's position is our bounded inference.	Both passages concern the same beaver/colour connection; no direct rebuttal of Orel is claimed.	Orel's independent reasons for choosing adjective-first direction and the complete comparative paradigm weighting remain unestablished.	divergence_explanation	
r-1941-fulk-oe-back-mutation	a-1941-fulk-complete-beaver-stem;a-fulk-alignment-beaver-pgmc;a-fulk-alignment-beaver-oe	core-1941	sound_law	source_explicit	fulk-complete-beaver-stem;fulk-alignment-beaver-pgmc;fulk-alignment-beaver-oe	Fulk69's explicit earlier PGmc *bebruz is an example for OE e > eo back mutation, conditioned by following a or u/o.	The process is explicitly OE; the following-u tag is not a claim of PGmc u-raising.	This does not explain the bebr/bebur formation difference, reversed semantic derivation or selected befer spelling.	position_support	following_u
r-1944-ringe-univerbation	a-ringe-alignment-believe-univerbation;a-ringe-complete-believe-gothic-dual-1944	core-1944	method	source_explicit	ringe-alignment-believe-univerbation;ringe-complete-believe-gothic-dual	Ringe239 argues from intervening Gothic clitics against fully completed PGmc phonological univerbation.	A written prefixed etymological citation is distinct from a phonological word.	RT245's prefixed citation alone does not prove that he opposed this clitic argument.	position_support	
r-1944-rt-dialect-mutation	a-rt-alignment-believe-mutation;a-rt-complete-1944-001;a-rt-alignment-believe-ws	core-1944	sound_law	source_explicit	rt-alignment-believe-mutation;rt-complete-1944-001;rt-alignment-believe-ws	RT245 groups believe among au-derived diphthong mutation examples and distinguishes WS ie from Anglian e endpoints.	Use the j-bearing cited formation and actual dialect labels; original quantities/glyphs remain text-only.	This does not turn Kroonen's dear/praise eu/u family into an authored competing belief verb.	position_support	following_j
r-1945-rt-dialect-and-trigger	a-rt-alignment-belly-dialect-history;a-rt-complete-1945-016;a-rt-complete-1945-022;a-rt-alignment-belly-ws-287	core-1945	sound_law	source_explicit	rt-alignment-belly-dialect-history;rt-complete-1945-016;rt-complete-1945-022;rt-alignment-belly-ws-287	RT231,243,287 separates WS breaking/mutation from Anglian retraction/mutation and displays later stem-vowel loss before endingless endpoints.	The i-stem trigger and dialect domains are cited, not assigned from current input strings.	A Northumbrian compound and a WS simplex are not the same quoted cell/sense; the Faroese u-stem question remains separate.	position_support	following_i;trigger_loss
r-1946-kroonen-verner-paradigm	a-1946-kroonen-core-1946-1;a-1946-kroonen-core-1946-3;a-1946-kroonen-core-1946-4	core-1946	morphological_argument	source_explicit	kroonen-core-1946-1;kroonen-core-1946-3;kroonen-core-1946-4	Kroonen54-55 invokes Verner alternation and proposes a probable singular s/plural z paradigm, retaining the reconstructed alternatives separately.	The author's probable paradigm and historical accent inference do not insert diplomatic accents or a genitive.	The selected berġes route and Orel's reason for citing only z are not established.	position_support	
r-1947-rt-finite-history	a-rt-alignment-offer-finite-history;a-rt-alignment-offer-bebytst;a-rt-alignment-offer-bebiet	core-1947	sound_law	source_explicit	rt-alignment-offer-finite-history;rt-alignment-offer-bebytst;rt-alignment-offer-bebiet	RT349-350 distinguishes finite-cell i-mutation, syncope and later dialect remodelling, with explicit WS offer forms.	Preserve the prefixed cells and the late annotation on bebytst; these are not the research-only row's admitted target.	Neither a finite mutated vowel nor participle u is a competing eu infinitive or evidence about ask/pray.	position_support	following_i;trigger_loss
