source_key	role	holding_paths	scope	edition_status	conventions_status	notes	consultation_mode	priority	payoff
Orel2003	reconstruction	docs/references/orel_handbook_germanic_etymology.vision.txt;docs/references/orel_handbook_germanic_etymology.pdf	Germanic reconstruction dictionary; check all etyma	verified	verified	Preface xi-xiii and its alphabet image checked: full words, etymology/ablaut-led e/i spellings, unresolved phonemic opposition, idealized morphology, omitted prefixes/names and qualified branch/loan coverage. Preserve barred đ, source quantities and parentheses; no blanket CAPR normalization. The líhtan index gives241 but the verb is on243, so verify actual entry folios. Method readiness is not complete corpus coverage or endorsement of all etymologies.	core_dictionary	0	Complete all393 lexical-family/cell reviews; preserve alternatives and bounded negatives.
Kroonen2013	reconstruction	docs/references/kroonen_etymological_dictionary_pgmc.vision.txt;docs/references/kroonen_etymological_dictionary_pgmc.pdf	PGmc reconstruction dictionary; check all etyma	verified	verified	Preface vii-viii explicitly limits lexical/reflex completeness; symbols xii, entry structure xiii and vowel account xix checked. Distinguish PGmc headwords, later incidental reconstructions and Pre-Germanic constructs; preserve quantities, stem dashes, alternative formations and separate homonym numbers. Introduction xix rejects e/i merger before a and supports nasal raising, not Orel's single-phoneme preference. Method readiness is not complete corpus coverage.	core_dictionary	0	Complete all393 lexical-family/cell reviews; preserve alternatives and bounded negatives.
KlugeSeebold2011	reconstruction	docs/references/kluge_seebold_2011_25th.txt;docs/references/kluge_seebold_etymologisches_woerterbuch.pdf	Germanic reconstructions in etymological entries; selected OE etyma only	verified	unreviewed	PDF title and edition chronology identify the25th edition2011. New text is pdftotext-layout extraction of that PDF. The older similarly named txt is24th edition2002 and must not be cited as2011.	systematic_relevant	3	Relevant Germanic etymologies, loans and cognate groupings within the actual held entry band; stop expansion without added evidence.
KlugeSeebold2002	reconstruction	docs/references/kluge_seebold_etymologisches_woerterbuch.txt	Germanic etymological reconstructions in the separately held24th edition	verified	unreviewed	Text title explicitly identifies24th edition; the held25th-edition chronology identifies24th as2002. No matching older original or reliable printed-folio map established. Record real page/glyph limits per review; never substitute2011 folios. Different editions are not independent author votes.	opportunistic	5	Consult only for a named comparative, attestation, historical-method or edition question; catalogue presence creates no row-review obligation.
Seebold1970	reconstruction	docs/references/seebold_vergleichendes_woerterbuch.vision.txt;docs/references/seebold_vergleichendes_woerterbuch.pdf	Strong verbs and their nominal formations	verified	unreviewed	Title and imprint identify Elmar Seebold, Vergleichendes und etymologisches Wörterbuch der germanischen starken Verben, Mouton1970, Janua Linguarum Series Practica85. Stem classes do not automatically establish a reconstructed vowel's phonetic interpretation.	systematic_relevant	2	Relevant nominal, strong-verb/derivational or n-stem families identified by core disagreements; explicit family roster required.
LloydSpringer1988	reconstruction	docs/references/ewa_band1_lloyd_springer.txt	Held EWA volumeI entries and their Germanic etyma	verified	unreviewed	Title/copyright identify Albert L. Lloyd and Otto Springer, EWA volumeI, -a–bezzisto,1988. Only this volume is established as held; do not infer coverage of subsequent volumes.	systematic_relevant	3	Relevant Germanic etymologies, loans and cognate groupings within the actual held entry band; stop expansion without added evidence.
Ringe2017	reconstruction	docs/references/ringe_vol1_pie_to_pgmc.txt;docs/references/ringe_vol1_pie_to_pgmc.pdf	PGmc phonology, morphology and word reconstructions	verified	verified	Held second edition2017, not first-edition2006 pagination. Record explicit PGmc forms separately from deeper derivations. Held second edition2017. Complete finite relevant Chapters3/4 pass and393 applicability screen; preserve explicit PGmc/(post-)PGmc/(pre-)PGmc/PWGmc/PNWGmc labels and contextual undated forms. Complete notation/method/index notes read; actual originals ix,139,157,176,224,228,285,307,312,315 close former glyph limits. < > are sound changes; ← → other changes or synchronic derivation; double macrons mark trimoric vowels. Printed friend quantity224/228 versus315 remains distinct. No production adoption or independent edition votes.	systematic_relevant	1	Completed relevant phonology/morphology/formation, lexical screening and bounded original-glyph closeout; inter-source analytical alignment remains a separate obligation.
RingeTaylor2014	reconstruction	docs/references/ringe_taylor_linguistic_history_vol2.txt	PGmc to OE reconstructed histories	verified	verification_gap	PAGE labels are sheets; printed running heads and source index supply folios. The cud passage is printed323 under PAGE338. OCR PWGmce must not be interpreted as PGmc or a phonological suffix. PAGE labels are sheets; printed running heads and source index supply folios. The cud passage is printed323 under PAGE338. OCR PWGmce must not be interpreted as PGmc or a phonological suffix. Relevant held-text programme and393-row applicability screen completed; PAGE14 roman folio, exact arrow shapes and some italic/glyph distinctions remain locally unresolved. Don Ringe authored all relevant chapters; Taylor authored syntax Chapter8, excluded here. VolumeI corrections address the edition then current in2014, not automatically the held2017 second edition; revised claims do not establish uninspected2017 incorporation or independent votes. Retained inherited original checks are not new holding claims. See persisted reading_accountability/rt-source_method.tsv and the survey commentary.	systematic_relevant	1	Completed relevant held-text reconstruction/formation histories with finite actual consultations; no independent-volume voting or corpus adoption.
Fulk2018	reconstruction	docs/references/fulk_comparative_grammar_early_germanic.vision.txt;docs/references/fulk_comparative_grammar_early_germanic.pdf	Early Germanic phonology and morphology	verified	verified	Sheet markers are not printed folios. General process discussion is not a quoted whole-word reconstruction. Reviewed relevant conventions at printed 11-18,35-54,79-104,185,208-221,255-256,303,376-389. Relevant conventions, complete prosody/vowels/consonants and nominal/strong-weak/selected-other morphology read; entire lexical index screened against live393. Exactly393 applicability records, distinct finite actual consultation roster. Image-verified forms and text-only processes remain distinguishable. Handoff is bounded extraction, not an exhaustive comparative-form transcription. p303: ij reduction is treated as PGmc for simplicity, although probably post-PGmc given Runic evidence; do not mistake presentation label for author certainty of chronology.	systematic_relevant	1	Next explanatory pass: relevant reconstructed examples, inventory, conditioning, morphology and dated histories. Activate a justified roster, not393 default negatives.
Hirt1931	reconstruction	docs/references/hirt_handbuch_des_urgermanischen.vision.txt;docs/references/hirt_handbuch_des_urgermanischen.pdf	PGmc sound and accent history	verified	unreviewed	Held title identifies TeilI Laut- und Akzentlehre1931. Bibliography describes the three-part work; do not claim partsII/III are held here.	opportunistic	5	Consult only for a named comparative, attestation, historical-method or edition question; catalogue presence creates no row-review obligation.
Streitberg1896	reconstruction	docs/references/streitberg_urgermanische_grammatik.vision.txt;docs/references/streitberg_urgermanische_grammatik.pdf	PGmc grammar and examples	verified	unreviewed	Held title identifies Wilhelm Streitberg, Urgermanische Grammatik,1896. Older notation and asserted stages need passage-level review; title identity does not verify reconstructed glyphs.	opportunistic	5	Consult only for a named comparative, attestation, historical-method or edition question; catalogue presence creates no row-review obligation.
Campbell1959	reconstruction	docs/references/campbell_old_english_grammar.txt	OE historical grammar and explicitly reconstructed antecedents	verified	unreviewed	Distinguish inherited classes, intermediates, attested dialect forms and the author's exact reconstruction level.	case_triggered	4	Activate against a named disagreement within the reviewed scope: OE historical grammar and explicitly reconstructed antecedents. No blanket population review.
Luick1914	reconstruction	docs/references/luick_historische_grammatik_part1.vision.txt;docs/references/luick_historische_grammatik_part2.vision.txt;docs/references/luick_historische_grammatik_part1.pdf;docs/references/luick_historische_grammatik_part2.pdf	Historical English reconstructions and competing histories	verified	unreviewed	Use full page-marked texts, not the legacy extract. Held printings1921 and1940 have documented piecewise sheet maps.	case_triggered	4	Activate against a named disagreement within the reviewed scope: Historical English reconstructions and competing histories. No blanket population review.
HoggGrammar2011	reconstruction	docs/references/hogg_fulk_2011_grammar_old_english_vol1_phonology.txt	OE phonology and reconstructed antecedents	verified	unreviewed	Hogg alone; legacy filename does not identify joint authorship. Cite held2011 pagination, not1992 pagination.	case_triggered	4	Activate against a named disagreement within the reviewed scope: OE phonology and reconstructed antecedents. No blanket population review.
HoggGrammar1992	excluded	docs/references/hogg_fulk_2011_grammar_old_english_vol1_phonology.txt	Original edition identity; not an independently held paginated text	verified	verification_gap	The held extract is the2011 reissue. Do not count one holding twice or substitute2011 folios under1992.	excluded	0	Retain the documented exclusion; no extraction obligation.
HoggCHEL1992	excluded	docs/references/hogg_vol1.txt	Collection-level entry; use chapter authors	verified	unreviewed	VolumeI title/copyright identifies Richard M. Hogg's edited Cambridge History,1992, seventh printing2005. Use separately attributed chapters, not the editor as author of the whole collection.	excluded	0	Retain the documented exclusion; no extraction obligation.
HoggIntroduction1992	context	docs/references/hogg_vol1.txt	Chapter-specific historical framing	verified	unreviewed	Volume contents and chapter heading identify Richard M. Hogg's Introduction, printed1-25, in the1992 volumeI (held2005 printing). Only this chapter's own statements are attributed to Hogg here.	opportunistic	5	Consult only for a named comparative, attestation, historical-method or edition question; catalogue presence creates no row-review obligation.
Bammesberger1992	reconstruction	docs/references/hogg_vol1.txt	Chapter on English antecedents and early Germanic	verified	unreviewed	Volume contents/chapter heading identify Alfred Bammesberger, The Place of English in Germanic and Indo-European, printed26-66. Not a chapter authored by editor Hogg.	case_triggered	4	Activate against a named disagreement within the reviewed scope: Chapter on English antecedents and early Germanic. No blanket population review.
HoggPhonology1992	reconstruction	docs/references/hogg_vol1.txt	Chapter-specific phonology and reconstruction examples	verified	unreviewed	Contents/chapter heading identify Richard M. Hogg, Phonology and Morphology, printed67-167. This chapter and the separate grammar/reissue have different pagination and citation identities.	case_triggered	4	Activate against a named disagreement within the reviewed scope: Chapter-specific phonology and reconstruction examples. No blanket population review.
Kastovsky1992	context	docs/references/hogg_vol1.txt	Lexical formation and vocabulary history	verified	unreviewed	Contents/chapter heading identify Dieter Kastovsky, Semantics and Vocabulary, printed290-408. Formation/lexical identity evidence is not automatically a PGmc dictionary quotation.	case_triggered	4	Activate against a named disagreement within the reviewed scope: Lexical formation and vocabulary history. No blanket population review.
Traugott1992	excluded	docs/references/hogg_vol1.txt	Syntax chapter	unreviewed	unreviewed	Not a reconstruction-source survey of sound histories; no grammatical conditioning is introduced from it.	excluded	0	Retain the documented exclusion; no extraction obligation.
Clark1992	excluded	docs/references/hogg_vol1.txt	Onomastics chapter	unreviewed	unreviewed	The current393 items are not a proper-name corpus.	excluded	0	Retain the documented exclusion; no extraction obligation.
Toon1992	context	docs/references/toon_1992_old_english_dialects.txt	OE dialect and attestation identity	verified	unreviewed	Contents and chapter heading identify Thomas E. Toon, Old English Dialects, printed409-451. The separate extract is this chapter, not an independent author account of the same volume.	opportunistic	5	Consult only for a named comparative, attestation, historical-method or edition question; catalogue presence creates no row-review obligation.
SieversBrunner1965	reconstruction	docs/references/brunner_1965_altenglische_grammatik.vision.txt;docs/references/brunner_1965_altenglische_grammatik.pdf	Historical OE grammar and reconstructions	verified	unreviewed	Original title identifies Karl Brunner, Altenglische Grammatik nach der angelsächsischen Grammatik von Eduard Sievers, third revised edition1965, Max Niemeyer. Authorship, inherited title tradition and reconstructed notation remain separate.	opportunistic	5	Consult only for a named comparative, attestation, historical-method or edition question; catalogue presence creates no row-review obligation.
Bulbring1902	reconstruction	docs/references/bulbring_altenglisches_elementarbuch.txt	Historical OE phonology and antecedents	verified	unreviewed	Title identifies Karl D. Bülbring, Altenglisches Elementarbuch, partI Lautlehre,1902. Only this part is established as held; text-only quantity/glyph/folio evidence requires explicit verification.	opportunistic	5	Consult only for a named comparative, attestation, historical-method or edition question; catalogue presence creates no row-review obligation.
Kaluza1906	excluded	docs/references/kaluza_historische_grammatik_englisch.txt	Unverified later edition; not the actual held1900-01 text	verification_gap	unreviewed	Actual title pages identify1900 and1901, catalogued as Kaluza1900. Retain the later bibliography record but do not attribute this holding or its pagination to1906.	excluded	0	Retain the documented exclusion; no extraction obligation.
Kaluza1900	reconstruction	docs/references/kaluza_historische_grammatik_englisch.txt	Held two-part historical grammar; OE reconstructions in partI	verified	unreviewed	Title pages identify Emil Felber, Berlin, partI1900 and partII1901. Combined text retains both; printed folios and reconstructed glyphs need passage-level verification.	opportunistic	5	Consult only for a named comparative, attestation, historical-method or edition question; catalogue presence creates no row-review obligation.
Wright1925	excluded	docs/references/anglosaxonoldeng00wrig.txt	Unheld Joseph/Elizabeth Mary Wright grammar; false former file association	verification_gap	unreviewed	Local title identifies Thomas Wright, edited Richard Paul Wülcker,1884 vocabulary collection, catalogued separately as WrightWuelcker1884. No verified1925 grammar holding.	excluded	0	Retain the documented exclusion; no extraction obligation.
WrightWuelcker1884	context	docs/references/anglosaxonoldeng00wrig.txt	Held volumeI vocabularies/glossaries; OE attestation and etymon identity	verified	unreviewed	Title identifies Thomas Wright, second edition edited/collated Richard Paul Wülcker, London Trübner1884, volumeI. Prefaces preserve1857 original and1884 editorial material; do not count them as two holdings or claim volumeII coverage.	opportunistic	5	Consult only for a named comparative, attestation, historical-method or edition question; catalogue presence creates no row-review obligation.
Sweet1953	excluded	docs/references/sweet_anglo_saxon_primer.txt;docs/references/sweet_anglo_saxon_primer.pdf	OE cells and glossary evidence	verification_gap	unreviewed	False former file association: the actually held edition is Sweet1893, catalogued separately. No matching original of this legacy edition is established as held. Existing prose citations are not automatically retagged or reverified by the catalogue repair.	excluded	0	Retain the documented exclusion; no extraction obligation.
Sweet1893	context	docs/references/sweet_anglo_saxon_primer.txt;docs/references/sweet_anglo_saxon_primer.pdf	OE cells and glossary evidence	verified	unreviewed	Original title and text identify Henry Sweet's seventh edition1893, Clarendon Press. Not Norman Davis's ninth-edition1953 revision. Glossary/grammar attestation is context, not an independently reconstructed PGmc word.	opportunistic	5	Consult only for a named comparative, attestation, historical-method or edition question; catalogue presence creates no row-review obligation.
BrightCassidyRingler1971	excluded	docs/references/bright_anglo_saxon_reader.vision.txt;docs/references/bright_anglo_saxon_reader.pdf	Unheld1971 revision; false former file association	verification_gap	unreviewed	Actual held title is Bright's1917 fourth-edition Anglo-Saxon Reader,1926 printing, catalogued as Bright1917. Do not cite its pages as Cassidy/Ringler's1971 revision.	excluded	0	Retain the documented exclusion; no extraction obligation.
Bright1917	reconstruction	docs/references/bright_anglo_saxon_reader.vision.txt;docs/references/bright_anglo_saxon_reader.pdf	OE grammar, Germanic stem forms, texts and glossary	verified	unreviewed	Title sheet5: fourth edition1917; copyright sheet6: June1926 printing. Prefaceiii-v identifies target dialect/text selection and replacement of IE stem endings by Germanic forms. Verify actual grammar forms and printed pages before extraction.	opportunistic	5	Consult only for a named comparative, attestation, historical-method or edition question; catalogue presence creates no row-review obligation.
BosworthToller1898	excluded	docs/references/bosworth_toller_anglo_saxon_dictionary.vision.txt;docs/references/bosworth_toller_anglo_saxon_dictionary.pdf	OE lexical identity, attestations and variants	verification_gap	unreviewed	False former file association: the actually held edition is Toller1921, catalogued separately. No matching original of this legacy edition is established as held. Existing prose citations are not automatically retagged or reverified by the catalogue repair.	excluded	0	Retain the documented exclusion; no extraction obligation.
Toller1921	context	docs/references/bosworth_toller_anglo_saxon_dictionary.vision.txt;docs/references/bosworth_toller_anglo_saxon_dictionary.pdf	OE supplement entries, attestations and corrections; not the main dictionary	verified	unreviewed	Original title sheet7 identifies T. Northcote Toller's Supplement; copyright sheet8 records first edition1921, reprints1955/1966; preface dated June1921. Vision, plain text and legacy Toller extract all identify the supplement, not combined main dictionary/supplement. Cross-references into the absent main dictionary remain holding limits.	opportunistic	5	Consult only for a named comparative, attestation, historical-method or edition question; catalogue presence creates no row-review obligation.
ClarkHall1960	context	docs/references/clark_hall_concise_anglo_saxon_dictionary.vision.txt;docs/references/clark_hall_concise_anglo_saxon_dictionary.pdf	OE glossary, grammatical information and variant forms	verified	unreviewed	Sheet84 is printed69. cwudu(eo,i) does not itself attest the selected spelling cwedu.	opportunistic	5	Consult only for a named comparative, attestation, historical-method or edition question; catalogue presence creates no row-review obligation.
Bammesberger1990	reconstruction	docs/references/bammesberger_1990_morphologie.txt;docs/references/bammesberger_1990_morphologie.pdf	PGmc nominal morphology and word formations	verified	unreviewed	Title identifies Alfred Bammesberger, Die Morphologie des urgermanischen Nomens, Heidelberg1990, volume2 of Untersuchungen zur vergleichenden Grammatik der germanischen Sprachen. Derivational grade and realized phonology require their own evidence.	systematic_relevant	2	Relevant nominal, strong-verb/derivational or n-stem families identified by core disagreements; explicit family roster required.
Kroonen2011	reconstruction	docs/references/kroonen_2011_n_stems.vision.txt;docs/references/kroonen_2011_n_stems.pdf	PGmc n-stems and related formations	verified	unreviewed	Title/copyright identify Guus Kroonen, The Proto-Germanic n-stems: A study in diachronic morphophonology, Rodopi2011, Leiden Studies in Indo-European18. Earlier extracts are not additional author votes.	systematic_relevant	2	Relevant nominal, strong-verb/derivational or n-stem families identified by core disagreements; explicit family roster required.
Kroonen2006	reconstruction	docs/references/kroonen_2006_mn_stems_bottom_rime.txt;docs/references/kroonen_2006_mn_stems_bottom_rime.pdf	mn-stem and bottom/rime formations	verified	unreviewed	Original first-page header identifies Guus Kroonen, Gemination and Allomorphy in the Protogermanic mn-stems: Bottom and Rime, ABaG61(2006),17-25. Text encodings corrupt some signs; use the original PDF for load-bearing forms.	case_triggered	4	Activate against a named disagreement within the reviewed scope: mn-stem and bottom/rime formations. No blanket population review.
Pokorny1959	context	docs/references/pokorny_iew_pages	IE etymologies and explicit Germanic comparanda	verification_gap	unreviewed	Partial directory has700 sheet-named extracts,688 nonempty and12 empty. Substantive text begins around H/interjections, followed by I/J, not dictionary page1; sheet12 visibly gives printed502 and sheet693 printed1183. Front matter/binding sheets are included. No complete dictionary or global sheet-to-folio map is certified; missing sections cannot support negatives.	opportunistic	5	Consult only for a named comparative, attestation, historical-method or edition question; catalogue presence creates no row-review obligation.
Mayrhofer1992	context	docs/references/mayrhofer_ewaia_A-DH.vision.txt;docs/references/mayrhofer_ewaia_N-H.vision.txt;docs/references/mayrhofer_ewaia_III.vision.txt	IE formation arguments relevant to actual OE etyma	verified	unreviewed	All three title headers checked: volumeI1992 (A-DH), volumeII1996 (N-H), volumeIII2001 (younger language, supplements and indices). Appended Kuiper1991 review on III sheets998-1013 is separately attributed, not Mayrhofer's text. Sanskrit/PIE lemmas remain contextual evidence.	opportunistic	5	Consult only for a named comparative, attestation, historical-method or edition question; catalogue presence creates no row-review obligation.
Kuiper1991	context	docs/references/mayrhofer_ewaia_III.vision.txt;docs/references/mayrhofer_ewaia_III.pdf	Appended EWAia review, printed105-120 only; IE etymology and reconstruction-method context	verified	unreviewed	Article heading/footer/byline identify F. B. J. Kuiper, The New Mayrhofer, Indo-Iranian Journal34(1991),105-120. Held as sheets998-1013 after MayrhoferIII's indices; this is not Mayrhofer's argument or a review of the completed1992-2001 work. Separate reviewer proposals from quoted dictionary forms; row applicability remains unchecked.	opportunistic	5	Consult only for a named comparative, attestation, historical-method or edition question; catalogue presence creates no row-review obligation.
Beekes2010	context	docs/references/beekes_edg.vision.txt;docs/references/beekes_edg.pdf	IE formation arguments relevant to actual OE etyma	verified	unreviewed	Title/copyright identify Robert Beekes with Lucien van Beek, Brill2010, series10/1-2. Held scan includes two-volume contents, bibliography and indices; contents alone are not a page-by-page completeness certificate. Greek lemmas are not PGmc forms.	opportunistic	5	Consult only for a named comparative, attestation, historical-method or edition question; catalogue presence creates no row-review obligation.
Adamczyk2001	reconstruction	docs/references/adamczyk_2001_oe_reflexes_sievers.txt	Sievers and OE reflexes	verified	unreviewed	Held database export identifies Elzbieta Adamczyk, Old English reflexes of Sievers' Law, Studia Anglica Posnaniensia,2001. Its machine-generated-export disclaimer is retained; do not claim original-image verification from this text.	case_triggered	4	Activate against a named disagreement within the reviewed scope: Sievers and OE reflexes. No blanket population review.
Erdmann1972	reconstruction	docs/references/erdmann_1972_suffixal_j_germanic.txt	Suffixal j histories and paradigms	verified	unreviewed	JSTOR title/author/source header identifies Peter H. Erdmann, Suffixal j in Germanic, Language48/2(1972),407-415. The author's reconstructed cells must not be manufactured into the selected corpus cells.	case_triggered	4	Activate against a named disagreement within the reviewed scope: Suffixal j histories and paradigms. No blanket population review.
Pierce1999	context	docs/references/pierce_1999_review_barrack_sievers.txt	Review of Sievers analysis	verified	unreviewed	First-page journal header/byline identifies Marc Pierce's review of Charles Barrack's Sievers' Law in Germanic, AJGLL11/1(1999), opening125. Separate reviewer argument from quoted Barrack forms.	case_triggered	4	Activate against a named disagreement within the reviewed scope: Review of Sievers analysis. No blanket population review.
Pierce2003	context	docs/references/pierce_2003_prosody_sievers_gothic.txt	Prosody and Sievers evidence	verification_gap	unreviewed	Held title and running bylines/folios identify Marc Pierce's Prosody and Sievers' Law in Gothic,223-241. The detached text does not independently establish the bibliography's PBB125/2(2003) publication date/issue; this metadata limit is not a source-row negative or a PGmc form.	case_triggered	4	Activate against a named disagreement within the reviewed scope: Prosody and Sievers evidence. No blanket population review.
Pierce2006	context	docs/references/pierce_2006_syllable_sievers_gothic.txt	Syllabification and Sievers evidence	verified	unreviewed	First-page title/byline/journal header identifies Marc Pierce, Syllable Structure and Sievers' Law in Gothic, JGL18/4(2006),275-319. Comparative Gothic evidence does not authorize another runtime pipeline.	case_triggered	4	Activate against a named disagreement within the reviewed scope: Syllabification and Sievers evidence. No blanket population review.
Cercignani1979	reconstruction	docs/references/cercignani_1979_pgmc_i_and_e_revisited.txt;docs/references/cercignani_1979_pgmc_i_and_e_revisited.pdf	PGmc i/e inventory, conditioning and reconstructed examples	verified	verified	Held JEGP78/1 article72-82. Read complete argument; phonemic slashes and barred b are diplomatic notation, not CAPR input tokens. Preserves i/e opposition and rejects general u-raising for all dialects; milk/seven alternatives and paradigm cells on75, conclusion82. No automatic PGmc dating of every intermediate.	case_triggered	4	Activate against a named disagreement within the reviewed scope: PGmc i/e inventory, conditioning and reconstructed examples. No blanket population review.
Cercignani1980	reconstruction	docs/references/cercignani_1980_early_umlaut.txt;docs/references/cercignani_1980_early_umlaut.pdf	Early Germanic umlaut and reconstructed examples	verified	verified	Held Language56/1 article126-136; substantive body126-134 read. Rejects a common PGmc umlaut-allophone stage, favoring individual-language prehistories126-129. h denotes a voiceless velar spirant127fn8; explicit PGmc forms and later process dating are separate. Glyph verification is recorded per form, not presumed for every example.	case_triggered	4	Activate against a named disagreement within the reviewed scope: Early Germanic umlaut and reconstructed examples. No blanket population review.
HowellSalmons1988	reconstruction	docs/references/howell_salmons_i_lowering.txt;docs/references/howell_salmons_1988_lowering_of_i.txt;docs/references/howell_salmons_1988_lowering_of_i.pdf	Umlaut conditioning and residues	verified	unreviewed	Original first-page title/byline/footer identify Howell and Salmons, Umlautless Residues in Germanic, AJGLL9/1(1997),83-111. Bibliography already has1997;1988 survives only as a legacy key/filename. The two held text extracts are byte-identical, not two publications or independent votes.	case_triggered	4	Activate against a named disagreement within the reviewed scope: Umlaut conditioning and residues. No blanket population review.
Lloyd1966	reconstruction	docs/references/lloyd_1966_a_umlaut_of_i.txt;docs/references/lloyd_1966_a_umlaut_of_i.pdf	Lowering of i and conditioning	verified	unreviewed	JSTOR author/title/source header identifies Albert L. Lloyd, Is There an a-Umlaut of i in Germanic?, Language42/4(1966),738-745. Actual stages and conditions still need scientific review.	case_triggered	4	Activate against a named disagreement within the reviewed scope: Lowering of i and conditioning. No blanket population review.
StauslandJohnsen2015	context	docs/references/stausland_johnsen_2015_vowel_reduction_pastoral_care.txt	Vowel reduction and attested OE context	verified	unreviewed	Contribution title/byline and publisher header identify Sverre Stausland Johnsen's vowel-reduction study in Historical Linguistics2013, published2015, edited Dag T. T. Haug. Conference year and publication year are distinct.	case_triggered	4	Activate against a named disagreement within the reviewed scope: Vowel reduction and attested OE context. No blanket population review.
Stiles2012	reconstruction	docs/references/stiles_2012_a_umlaut_of_u.txt;docs/references/oxford_chapter.txt	North-West Germanic a-umlaut of u	verified	unreviewed	Oxford chapter title/byline identifies Patrick Stiles, Older Runic evidence for North-West Germanic a-umlaut of u (and the converse of Polivanov's Law), in Laws and Rules in Indo-European,2012. Generic oxford_chapter extract duplicates this chapter.	case_triggered	4	Activate against a named disagreement within the reviewed scope: North-West Germanic a-umlaut of u. No blanket population review.
Polome1967	reconstruction	docs/references/polome_1967_reflexes_ie_ms.txt	IE ms reflexes and relevant formations	verified	unreviewed	First-page bibliographic header identifies Edgar C. Polomé, Notes on the Reflexes of IE /ms/ in Germanic, RBPH45/3(1967),800-826. Record actual author-stage assertions rather than infer universal PGmc whole words.	case_triggered	4	Activate against a named disagreement within the reviewed scope: IE ms reflexes and relevant formations. No blanket population review.
Polome1994	reconstruction	docs/references/polome_1994_nowele23_proto_germanic.vision.txt	PGmc methodological and historical reconstruction	verified	unreviewed	Held article title/byline identifies Edgar C. Polomé, Proto-Germanic and the Reconstruction of Proto-Indo-European, NOWELE23(1994). Definitions of PGmc remain scientific propositions to review, not catalogue conclusions.	opportunistic	5	Consult only for a named comparative, attestation, historical-method or edition question; catalogue presence creates no row-review obligation.
Kylstra1983	reconstruction	docs/references/kylstra_1983_aelteren_umlauts_abag19.vision.txt;docs/references/article_18756719.txt	Earlier umlaut and reconstructive dating	verified	unreviewed	Title/byline identify A. D. Kylstra, Zum Alter des älteren Umlauts im Germanischen; the generic article_18756719 extract has the same title/author. ABaG19(1983) association is catalogued; duplicate extraction is not another account.	case_triggered	4	Activate against a named disagreement within the reviewed scope: Earlier umlaut and reconstructive dating. No blanket population review.
Bammesberger1997	reconstruction	docs/references/bammesberger_1997_herfest.txt;docs/references/bammesberger_1997_herfest.pdf	Herfest formation and related evidence	verification_gap	unreviewed	Original offprint title, final byline and printed223-230 identify Alfred Bammesberger's Die Vorform von altenglisch hærfest. The detached pages do not independently establish the bibliography's Anglia115/2(1997) date/issue; retain that metadata-verification limit without changing scientific claims.	case_triggered	4	Activate against a named disagreement within the reviewed scope: Herfest formation and related evidence. No blanket population review.
Hamp1990	reconstruction	docs/references/hamp_1990_pie_bottom.vision.txt;docs/references/hamp_1990_pie_bottom.pdf	Bottom formation and antecedents	verified	unreviewed	Volume title/contents and article heading identify Eric P. Hamp's Proto-Indo-European bottom,447-450, in Development and Diversity,1990. The52-sheet holding contains front matter and this article, not the whole Festschrift; the Polomé chapter listed at451 is not thereby held.	case_triggered	4	Activate against a named disagreement within the reviewed scope: Bottom formation and antecedents. No blanket population review.
vanHelten1905	reconstruction	docs/references/van_helten_1905_zahlwort.txt;docs/references/van_helten_1905_zahlwort.pdf	Numeral formation and histories	verification_gap	unreviewed	Original first page and running folios identify W. van Helten, Zum germanischen Zahlwort,84-126. The detached offprint does not independently establish the bibliography's IF18(1905) publication identity; preserve that metadata limit rather than infer nonnumeral exclusions from the title.	case_triggered	4	Activate against a named disagreement within the reviewed scope: Numeral formation and histories. No blanket population review.
Vine2019	context	docs/references/vine_2019_greek_stomylos.txt	Stem/mouth ablaut and formation evidence	verified	unreviewed	Original title/byline/journal header identifies Brent Vine, Greek stomylos 'chatty', Indo-European Linguistics7(2019),222-240. Actual ablaut/formation arguments remain to be reviewed, not converted into PGmc dictionary entries.	case_triggered	4	Activate against a named disagreement within the reviewed scope: Stem/mouth ablaut and formation evidence. No blanket population review.
Kilday2024	reconstruction	docs/references/kilday_2024_crists_law_smiths_law_wizen.txt	Crist/Smith laws and wizen formations	verified	unreviewed	Held title/byline explicitly identify Douglas G. Kilday and Draft Version of20June2024. Do not silently present this as a journal publication or adopted CAPR sound laws.	case_triggered	4	Activate against a named disagreement within the reviewed scope: Crist/Smith laws and wizen formations. No blanket population review.
Crist2001	reconstruction	docs/references/crist_2001_conspiracy_in_historical_phonology.txt	Historical phonology and reconstructed examples	verified	unreviewed	Title/copyright identify Sean Jacob Crist's University of Pennsylvania dissertation Conspiracy in Historical Phonology,2001. Scientific reconstruction conventions and applicability remain unreviewed.	case_triggered	4	Activate against a named disagreement within the reviewed scope: Historical phonology and reconstructed examples. No blanket population review.
Bennett1950	reconstruction	docs/references/bennett_1950_germanic_development_of_ie_e.vision.txt;docs/references/bennett_1950_germanic_development_of_ie_e.pdf	IE long-e Germanic development	verified	unreviewed	Held source/method header and original PDF identify William H. Bennett, The Germanic Development of Indo-European ē, Language26/2(1950),232-235. Vision file is a curated image transcription with explicit ellipses, not a complete OCR; use the held original for omitted passages.	case_triggered	4	Activate against a named disagreement within the reviewed scope: IE long-e Germanic development. No blanket population review.
Thorhallsdottir1993	reconstruction	docs/references/thorhallsdottir_1993_intervocalic_j.vision.txt	Intervocalic j and related PGmc formations	verified	unreviewed	Existing page map records printed folios; verify each new load-bearing form.	case_triggered	4	Activate against a named disagreement within the reviewed scope: Intervocalic j and related PGmc formations. No blanket population review.
Lid1952	reconstruction	docs/references/lid_1952_nordiske_nominativ_an_stammer.vision.txt	Nominative an-stems and comparative quantity evidence	verified	unreviewed	Source/method header identifies Nils Lid, Den nordiske nominativ singularis av maskuline an-stammer, NTS16(1952),237-240. Two-up scan includes adjacent236/241 only as boundary context, not Lid's contribution.	case_triggered	4	Activate against a named disagreement within the reviewed scope: Nominative an-stems and comparative quantity evidence. No blanket population review.
Crist2002	reconstruction	docs/references/crist_2002_z_loss_west_germanic.txt	West Germanic z-loss and reconstructed histories	verified	unreviewed	Held title/byline explicitly identify Sean Crist's An Analysis of z loss in West Germanic, LSA annual-meeting handout4January2002. Do not silently present the handout as a later journal article.	case_triggered	4	Activate against a named disagreement within the reviewed scope: West Germanic z-loss and reconstructed histories. No blanket population review.
Mees2020	reconstruction	docs/references/mees_2020_dziedzice_inscription_wgmc_rhotacism.txt	Rhotacism and runic reconstruction evidence	verified	unreviewed	Original title/byline/journal header identifies Bernard Mees, The Dziedzice inscription and West Germanic rhotacism, Lingua Posnaniensis62/2(2020),47-63. Reading, object date and historical inference remain independent.	case_triggered	4	Activate against a named disagreement within the reviewed scope: Rhotacism and runic reconstruction evidence. No blanket population review.
Stiles2017	reconstruction	docs/references/stiles_2017_opedal_swestar_runic.txt	Sister and runic reconstruction evidence	verified	unreviewed	Held running header identifies revised/updated draft12April2017, On the Interpretation of Older Runic swestar on the Opedal Stone; author signature identifies Patrick V. Stiles. A draft's page numbers are not an unidentified journal's pagination.	case_triggered	4	Activate against a named disagreement within the reviewed scope: Sister and runic reconstruction evidence. No blanket population review.
NeriRingeReview	context	docs/references/neri_review_ringe_pie_to_pgmc.txt;docs/references/neri_review_ringe_pie_to_pgmc.pdf	Review of Ringe's first edition	verification_gap	unreviewed	Held review is signed Sergio Neri and numbered1-12, discussing Ringe's2006 first edition. Venue/year are not established by the detached holding; former Kratylos54(2009),156-160 association is withdrawn from the bibliography. Adjacent Casaretto review is not Neri's Ringe review.	opportunistic	5	Consult only for a named comparative, attestation, historical-method or edition question; catalogue presence creates no row-review obligation.
Stiles1985	reconstruction	docs/references/stiles_1985_four_part1_nowele6_excerpt_pp89-94.txt	Four numeral history	verification_gap	unreviewed	Held retained excerpt is printed89-94, sections1.3.0-1.3.4, of NOWELE6(1985), 81-104. The complete article is not established as locally held; no full-paper absence claim can be made from the six-page excerpt.	case_triggered	4	Activate against a named disagreement within the reviewed scope: Four numeral history. No blanket population review.
Stiles1986a	reconstruction	docs/references/stiles_1986_four_part2_nowele7.pdf	Four numeral history partII	verified	unreviewed	Original first-page byline/footer identify Patrick V. Stiles, The Fate of the Numeral4 in Germanic(2), NOWELE7(1986),3-27, continued from volume6. Article identity is not interchangeable with partI or III.	case_triggered	4	Activate against a named disagreement within the reviewed scope: Four numeral history partII. No blanket population review.
Stiles1986b	reconstruction	docs/references/stiles_1986_four_part3_nowele8.pdf	Four numeral history partIII	verified	unreviewed	Original first-page byline/footer identify Patrick V. Stiles, The Fate of the Numeral4 in Germanic(3), NOWELE8(1986),3-25, continued from volume7. Preserve its own article scope and pagination.	case_triggered	4	Activate against a named disagreement within the reviewed scope: Four numeral history partIII. No blanket population review.
Ringe1984	reconstruction	docs/references/ringe_1984_germanic_e2_and_r.vision.txt;docs/references/ringe_1984_germanic_e2_and_r.pdf	Germanic e2 and r	verification_gap	unreviewed	Original14-sheet scan contains printed138-151 only;152-155 are missing. Held Stiles2017 bibliography identifies Die Sprache30(1984),138-155, correcting the former Linguistic Inquiry15,225-233 record. Title text corrupts e2/r signs; original images govern quotations.	case_triggered	4	Activate against a named disagreement within the reviewed scope: Germanic e2 and r. No blanket population review.
Rice1994	context	docs/references/rice_1994_peripheral_in_consonants.vision.txt	Phonological representation context	verified	unreviewed	Original first-page title/byline/journal header identifies Keren Rice, Peripheral in Consonants, CJL39/3(1994),191-216. General feature theory is context, not source-attested PGmc lexical evidence.	opportunistic	5	Consult only for a named comparative, attestation, historical-method or edition question; catalogue presence creates no row-review obligation.
GermanicSlavicBaltic2025	reconstruction	docs/references/2025_Germanic_Slavic_and_Baltic_thousand.txt	Thousand reconstruction and alternatives	verified	unreviewed	Held title/byline/date identify Rémy Viredaz, Germanic, Slavic and Baltic thousand once more,20October2025. Distinguish this dated paper from the older reconstructions it quotes.	case_triggered	4	Activate against a named disagreement within the reviewed scope: Thousand reconstruction and alternatives. No blanket population review.
Luehr1993	reconstruction	docs/references/luehr_article.txt;docs/references/luehr_article.pdf	Thousand formation and Germanic/Balto-Slavic reconstruction alternatives	verified	unreviewed	Local20-sheet article matches author/title and printed117-136; journal/year corroborated by held Viredaz bibliography under Lühr1993. Scientific argument and diplomatic forms still require review; do not conflate this article with the distinct1998 EWA entry.	case_triggered	4	Activate against a named disagreement within the reviewed scope: Thousand formation and Germanic/Balto-Slavic reconstruction alternatives. No blanket population review.
CaedmonsHymnVitt1452	context	docs/references/caedmons_hymn_rome_ms_vitt_em_1452.vision.txt	Attestation/cell evidence where an actual corpus etymon occurs	verified	unreviewed	Original publisher header identifies Elisabetta Magnanti and Mark Faulkner, Early Medieval England and its Neighbours52(2026),e9,1-18. Legacy key1452 is the manuscript shelfmark, not the article date or a medieval author.	opportunistic	5	Consult only for a named comparative, attestation, historical-method or edition question; catalogue presence creates no row-review obligation.
Bremmer2009	reconstruction	docs/references/bremmer_2009_introduction_old_frisian.vision.txt	Comparative ancestral reconstructions relevant to OE	verified	unreviewed	Held title/source-method record identifies Rolf H. Bremmer Jr., An Introduction to Old Frisian,2009, corrected2011 reprint. Seventeen local exports together supply the book; glyph verification remains per passage.	case_triggered	4	Activate against a named disagreement within the reviewed scope: Comparative ancestral reconstructions relevant to OE. No blanket population review.
Nielsen2001	reconstruction	docs/references/nielsen_2001_frisian_and_grouping_older_germanic_languages.vision.txt	North Sea grouping and ancestral reconstructions	verified	unreviewed	Held title/source-method record identifies Hans Frede Nielsen, Frisian and the Grouping of the Older Germanic Languages, chapter48 in Handbuch des Friesischen,2001,512-523. Adjacent chapter49 is excluded from the extract.	case_triggered	4	Activate against a named disagreement within the reviewed scope: North Sea grouping and ancestral reconstructions. No blanket population review.
Hogg1979	reconstruction	docs/references/hogg_1979_old_english_palatalization.vision.txt	Palatalization and source-specific oblique cells	verified	unreviewed	Key/day intermediates are not PGmc inputs by default.	case_triggered	4	Activate against a named disagreement within the reviewed scope: Palatalization and source-specific oblique cells. No blanket population review.
Goblirsch1991	reconstruction	docs/references/goblirsch_1991_germanic_ai_and_au_in_anglo_frisian.vision.txt	ai/au and reconstructed milestones	verified	unreviewed	Held title/source-method record identifies Kurt Gustav Goblirsch, Germanic ai and au in Anglo-Frisian, ABaG33(1991),17-23. Historical forms need the recorded original-page verification, not broken native text.	case_triggered	4	Activate against a named disagreement within the reviewed scope: ai/au and reconstructed milestones. No blanket population review.
Campbell1939	reconstruction	docs/references/campbell_1939_some_old_frisian_sound_changes.vision.txt	Comparative ai/au/fronting histories	verified	unreviewed	Held title/source-method record identifies A. Campbell, Some Old Frisian Sound-Changes, TPS38/1(1939),78-107. Source identity does not establish all event identities or shared-stem placement.	case_triggered	4	Activate against a named disagreement within the reviewed scope: Comparative ai/au/fronting histories. No blanket population review.
Bremmer2008	context	docs/references/bremmer_2008_north_sea_germanic_at_the_cross_roads.txt	North Sea historical framing	verified	unreviewed	Held title/source-method record identifies Rolf H. Bremmer Jr., North-Sea Germanic at the Cross-Roads, NOWELE54/55(2008),279-308. Repaired publisher extraction is not another independent source.	opportunistic	5	Consult only for a named comparative, attestation, historical-method or edition question; catalogue presence creates no row-review obligation.
Kortlandt2008	reconstruction	docs/references/kortlandt_2008_anglo_frisian.txt	Ancestral/daughter reconstructed histories	verified	unreviewed	Held title/source-method record identifies Frederik Kortlandt, Anglo-Frisian, NOWELE54/55(2008),265-278. Alternative topology premises stay attributed, not automatically adopted.	case_triggered	4	Activate against a named disagreement within the reviewed scope: Ancestral/daughter reconstructed histories. No blanket population review.
Laker2007	reconstruction	docs/references/laker_2007_palatalization_of_velars.txt	Palatal classes and reconstructed antecedents	verified	unreviewed	Use repaired font-aware text; raw text layer corrupts palatal marks.	case_triggered	4	Activate against a named disagreement within the reviewed scope: Palatal classes and reconstructed antecedents. No blanket population review.
Repansek2012	reconstruction	docs/references/repansek_2012_anglo_frisian_vowel_system.txt	Vowel-system reconstructions	verified	unreviewed	Held title/source-method record identifies Luka Repanšek, Remarks on the Development of the Anglo-Frisian Vowel System, NOWELE64/65(2012),77-90. Preserve source uncertainty and quantities independently.	case_triggered	4	Activate against a named disagreement within the reviewed scope: Vowel-system reconstructions. No blanket population review.
Versloot2017	reconstruction	docs/references/versloot_2017_proto_germanic_ai_in_north_and_west_germanic.txt	PGmc ai and daughter histories	verified	unreviewed	Held title/source-method record identifies Arjen P. Versloot, Proto-Germanic ai in North and West Germanic, FLH38(2017),281-324. Printed-page markers are documented; scientific premises still require actual review.	case_triggered	4	Activate against a named disagreement within the reviewed scope: PGmc ai and daughter histories. No blanket population review.
Versloot2021	reconstruction	docs/references/versloot_2021_traces_of_a_north_sea_germanic_idiom.txt	North Sea reconstructed histories	verified	unreviewed	Held title/source-method record identifies Arjen P. Versloot, Traces of a North Sea Germanic Idiom in the Fifth-Seventh Centuries AD,2021,339-374. This is a chapter, not a separate PGmc dictionary.	case_triggered	4	Activate against a named disagreement within the reviewed scope: North Sea reconstructed histories. No blanket population review.
Versloot2025	reconstruction	docs/references/versloot_2025_reconstructing_historical_phonology_of_oe.txt	OE sound histories and competing reconstructions	verified	unreviewed	Held publisher/title/source-method header identifies Arjen P. Versloot, Reconstructing the Historical Phonology of Old English, ELL30/1(2026),103-141, earlier online2025. Stable key retains online year; do not claim two independent accounts.	case_triggered	4	Activate against a named disagreement within the reviewed scope: OE sound histories and competing reconstructions. No blanket population review.
Waxenberger2019	context	docs/references/waxenberger_2019_absolute_chronology_pre_oe_runic.txt	Runic reading, reconstruction and chronology context	verified	unreviewed	Held title/source-method record identifies Gaby Waxenberger, Absolute Chronology of Early Sound Changes Reflected in Pre-Old English Runic Inscriptions, NOWELE72/1(2019),60-77. Reading, date and phonetic interpretation remain independent.	case_triggered	4	Activate against a named disagreement within the reviewed scope: Runic reading, reconstruction and chronology context. No blanket population review.
