source_key	role	holding_paths	scope	edition_status	conventions_status	notes
Orel2003	reconstruction	docs/references/orel_handbook_germanic_etymology.vision.txt;docs/references/orel_handbook_germanic_etymology.pdf	Germanic reconstruction dictionary; check all etyma	verified	unreviewed	Page markers count sheets; printed folios occur in running heads. Preserve the author's headword notation and morphology.
Kroonen2013	reconstruction	docs/references/kroonen_etymological_dictionary_pgmc.vision.txt;docs/references/kroonen_etymological_dictionary_pgmc.pdf	PGmc reconstruction dictionary; check all etyma	verified	unreviewed	Stem citations and homonym numbers are separate from phonological forms. Sheet355 is printed315, not355.
KlugeSeebold2011	reconstruction	docs/references/kluge_seebold_2011_25th.txt;docs/references/kluge_seebold_etymologisches_woerterbuch.pdf	Germanic reconstructions in etymological entries; selected OE etyma only	verified	unreviewed	PDF title and edition chronology identify the25th edition2011. New text is pdftotext-layout extraction of that PDF. The older similarly named txt is24th edition2002 and must not be cited as2011.
Seebold1970	reconstruction	docs/references/seebold_vergleichendes_woerterbuch.vision.txt;docs/references/seebold_vergleichendes_woerterbuch.pdf	Strong verbs and their nominal formations	unreviewed	unreviewed	Check morphology and reconstruction conventions separately; derive no automatic root-vowel interpretation from stem-class conventions.
LloydSpringer1988	reconstruction	docs/references/ewa_band1_lloyd_springer.txt	Held EWA volumeI entries and their Germanic etyma	unreviewed	unreviewed	Only the held volume is available; do not claim coverage of later EWA volumes or treat an OHG lemma as an explicit PGmc form.
Ringe2017	reconstruction	docs/references/ringe_vol1_pie_to_pgmc.txt;docs/references/ringe_vol1_pie_to_pgmc.pdf	PGmc phonology, morphology and word reconstructions	verified	unreviewed	Held second edition2017, not first-edition2006 pagination. Record explicit PGmc forms separately from deeper derivations.
RingeTaylor2014	reconstruction	docs/references/ringe_taylor_linguistic_history_vol2.txt	PGmc to OE reconstructed histories	verified	unreviewed	PAGE labels are sheets; printed running heads and source index supply folios. The cud passage is printed323 under PAGE338. OCR PWGmce must not be interpreted as PGmc or a phonological suffix.
Fulk2018	reconstruction	docs/references/fulk_comparative_grammar_early_germanic.vision.txt;docs/references/fulk_comparative_grammar_early_germanic.pdf	Early Germanic phonology and morphology	verified	unreviewed	Sheet markers are not printed folios. General process discussion is not a quoted whole-word reconstruction.
Hirt1931	reconstruction	docs/references/hirt_handbuch_des_urgermanischen.vision.txt;docs/references/hirt_handbuch_des_urgermanischen.pdf	PGmc sound and accent history	verified	unreviewed	Held title identifies TeilI Laut- und Akzentlehre1931. Bibliography describes the three-part work; do not claim partsII/III are held here.
Streitberg1896	reconstruction	docs/references/streitberg_urgermanische_grammatik.vision.txt;docs/references/streitberg_urgermanische_grammatik.pdf	PGmc grammar and examples	unreviewed	unreviewed	Older notation and reconstructed stage must be explained rather than silently translated into the modern input alphabet.
Campbell1959	reconstruction	docs/references/campbell_old_english_grammar.txt	OE historical grammar and explicitly reconstructed antecedents	verified	unreviewed	Distinguish inherited classes, intermediates, attested dialect forms and the author's exact reconstruction level.
Luick1914	reconstruction	docs/references/luick_historische_grammatik_part1.vision.txt;docs/references/luick_historische_grammatik_part2.vision.txt;docs/references/luick_historische_grammatik_part1.pdf;docs/references/luick_historische_grammatik_part2.pdf	Historical English reconstructions and competing histories	verified	unreviewed	Use full page-marked texts, not the legacy extract. Held printings1921 and1940 have documented piecewise sheet maps.
HoggGrammar2011	reconstruction	docs/references/hogg_fulk_2011_grammar_old_english_vol1_phonology.txt	OE phonology and reconstructed antecedents	verified	unreviewed	Hogg alone; legacy filename does not identify joint authorship. Cite held2011 pagination, not1992 pagination.
HoggGrammar1992	excluded	docs/references/hogg_fulk_2011_grammar_old_english_vol1_phonology.txt	Original edition identity; not an independently held paginated text	verified	verification_gap	The held extract is the2011 reissue. Do not count one holding twice or substitute2011 folios under1992.
HoggCHEL1992	excluded	docs/references/hogg_vol1.txt	Collection-level entry; use chapter authors	unreviewed	unreviewed	The multi-author volume is not an additional independent author account.
HoggIntroduction1992	context	docs/references/hogg_vol1.txt	Chapter-specific historical framing	unreviewed	unreviewed	Only the chapter author's own reconstruction statements count.
Bammesberger1992	reconstruction	docs/references/hogg_vol1.txt	Chapter on English antecedents and early Germanic	unreviewed	unreviewed	Attribute the chapter separately from Hogg's phonology chapter.
HoggPhonology1992	reconstruction	docs/references/hogg_vol1.txt	Chapter-specific phonology and reconstruction examples	unreviewed	unreviewed	Not Hogg's separate grammar or its pagination.
Kastovsky1992	context	docs/references/hogg_vol1.txt	Lexical formation and vocabulary history	unreviewed	unreviewed	Use for formation and lexical identity where relevant, not automatically as a PGmc dictionary.
Traugott1992	excluded	docs/references/hogg_vol1.txt	Syntax chapter	unreviewed	unreviewed	Not a reconstruction-source survey of sound histories; no grammatical conditioning is introduced from it.
Clark1992	excluded	docs/references/hogg_vol1.txt	Onomastics chapter	unreviewed	unreviewed	The current393 items are not a proper-name corpus.
Toon1992	context	docs/references/toon_1992_old_english_dialects.txt	OE dialect and attestation identity	unreviewed	unreviewed	Identify selected dialects without promoting dialect discussions to whole-word PGmc forms.
SieversBrunner1965	reconstruction	docs/references/brunner_1965_altenglische_grammatik.vision.txt;docs/references/brunner_1965_altenglische_grammatik.pdf	Historical OE grammar and reconstructions	unreviewed	unreviewed	Check held title and folios; distinguish older reconstructed notation from surface transcription.
Bulbring1902	reconstruction	docs/references/bulbring_altenglisches_elementarbuch.txt	Historical OE phonology and antecedents	unreviewed	unreviewed	Text-only holding requires explicit glyph and locator checks.
Kaluza1906	excluded	docs/references/kaluza_historische_grammatik_englisch.txt	Unverified later edition; not the actual held1900-01 text	verification_gap	unreviewed	Actual title pages identify1900 and1901, catalogued as Kaluza1900. Retain the later bibliography record but do not attribute this holding or its pagination to1906.
Kaluza1900	reconstruction	docs/references/kaluza_historische_grammatik_englisch.txt	Held two-part historical grammar; OE reconstructions in partI	verified	unreviewed	Title pages identify Emil Felber, Berlin, partI1900 and partII1901. Combined text retains both; printed folios and reconstructed glyphs need passage-level verification.
Wright1925	excluded	docs/references/anglosaxonoldeng00wrig.txt	Unheld Joseph/Elizabeth Mary Wright grammar; false former file association	verification_gap	unreviewed	Local title identifies Thomas Wright, edited Richard Paul Wülcker,1884 vocabulary collection, catalogued separately as WrightWuelcker1884. No verified1925 grammar holding.
WrightWuelcker1884	context	docs/references/anglosaxonoldeng00wrig.txt	Held volumeI vocabularies/glossaries; OE attestation and etymon identity	verified	unreviewed	Title identifies Thomas Wright, second edition edited/collated Richard Paul Wülcker, London Trübner1884, volumeI. Prefaces preserve1857 original and1884 editorial material; do not count them as two holdings or claim volumeII coverage.
Sweet1953	context	docs/references/sweet_anglo_saxon_primer.txt;docs/references/sweet_anglo_saxon_primer.pdf	OE cells and glossary evidence	unreviewed	unreviewed	A target citation is not an independently reconstructed PGmc input.
BrightCassidyRingler1971	excluded	docs/references/bright_anglo_saxon_reader.vision.txt;docs/references/bright_anglo_saxon_reader.pdf	Unheld1971 revision; false former file association	verification_gap	unreviewed	Actual held title is Bright's1917 fourth-edition Anglo-Saxon Reader,1926 printing, catalogued as Bright1917. Do not cite its pages as Cassidy/Ringler's1971 revision.
Bright1917	reconstruction	docs/references/bright_anglo_saxon_reader.vision.txt;docs/references/bright_anglo_saxon_reader.pdf	OE grammar, Germanic stem forms, texts and glossary	verified	unreviewed	Title sheet5: fourth edition1917; copyright sheet6: June1926 printing. Prefaceiii-v identifies target dialect/text selection and replacement of IE stem endings by Germanic forms. Verify actual grammar forms and printed pages before extraction.
BosworthToller1898	context	docs/references/bosworth_toller_anglo_saxon_dictionary.vision.txt;docs/references/bosworth_toller_anglo_saxon_dictionary.pdf	OE lexical identity, attestations and variants	unreviewed	unreviewed	Dictionary and supplement identity/page conventions require separate verification.
ClarkHall1960	context	docs/references/clark_hall_concise_anglo_saxon_dictionary.vision.txt;docs/references/clark_hall_concise_anglo_saxon_dictionary.pdf	OE glossary, grammatical information and variant forms	verified	unreviewed	Sheet84 is printed69. cwudu(eo,i) does not itself attest the selected spelling cwedu.
Bammesberger1990	reconstruction	docs/references/bammesberger_1990_morphologie.txt;docs/references/bammesberger_1990_morphologie.pdf	PGmc nominal morphology and word formations	unreviewed	unreviewed	Separate derivational grade, reconstructed phonology and ending/cell conventions.
Kroonen2011	reconstruction	docs/references/kroonen_2011_n_stems.vision.txt;docs/references/kroonen_2011_n_stems.pdf	PGmc n-stems and related formations	unreviewed	unreviewed	Scope to actual stems/examples; other legacy n-stem extracts are not independent sources.
Kroonen2006	reconstruction	docs/references/kroonen_2006_mn_stems_bottom_rime.txt;docs/references/kroonen_2006_mn_stems_bottom_rime.pdf	mn-stem and bottom/rime formations	unreviewed	unreviewed	Specialist formation evidence; no automatic extension to unrelated corpus nouns.
Pokorny1959	context	docs/references/pokorny_iew_pages	IE etymologies and explicit Germanic comparanda	verification_gap	unreviewed	Directory contains700 page extracts; do not claim the complete dictionary or equate PIE roots with PGmc inputs.
Mayrhofer1992	context	docs/references/mayrhofer_ewaia_A-DH.vision.txt;docs/references/mayrhofer_ewaia_N-H.vision.txt;docs/references/mayrhofer_ewaia_III.vision.txt	IE formation arguments relevant to actual OE etyma	unreviewed	unreviewed	Sanskrit lemmas are contextual evidence; only explicit relevant Germanic reconstructions enter as such.
Beekes2010	context	docs/references/beekes_edg.vision.txt;docs/references/beekes_edg.pdf	IE formation arguments relevant to actual OE etyma	unreviewed	unreviewed	Greek lemmas are not PGmc whole-word reconstructions.
Adamczyk2001	reconstruction	docs/references/adamczyk_2001_oe_reflexes_sievers.txt	Sievers and OE reflexes	unreviewed	unreviewed	Check source stages and morphology for the actual examples.
Erdmann1972	reconstruction	docs/references/erdmann_1972_suffixal_j_germanic.txt	Suffixal j histories and paradigms	unreviewed	unreviewed	Separate the author's reconstructed cell from the selected corpus cell.
Pierce1999	context	docs/references/pierce_1999_review_barrack_sievers.txt	Review of Sievers analysis	unreviewed	unreviewed	Separate quoted reviewed-author reconstructions from reviewer's own proposals.
Pierce2003	context	docs/references/pierce_2003_prosody_sievers_gothic.txt	Prosody and Sievers evidence	unreviewed	unreviewed	Comparative evidence only where relevant to selected OE histories.
Pierce2006	context	docs/references/pierce_2006_syllable_sievers_gothic.txt	Syllabification and Sievers evidence	unreviewed	unreviewed	Comparative evidence only; no Gothic runtime work.
Cercignani1979	reconstruction	docs/references/cercignani_1979_pgmc_i_and_e_revisited.txt;docs/references/cercignani_1979_pgmc_i_and_e_revisited.pdf	PGmc i/e inventory, conditioning and reconstructed examples	verified	verified	Held JEGP78/1 article72-82. Read complete argument; phonemic slashes and barred b are diplomatic notation, not CAPR input tokens. Preserves i/e opposition and rejects general u-raising for all dialects; milk/seven alternatives and paradigm cells on75, conclusion82. No automatic PGmc dating of every intermediate.
Cercignani1980	reconstruction	docs/references/cercignani_1980_early_umlaut.txt;docs/references/cercignani_1980_early_umlaut.pdf	Early Germanic umlaut and reconstructed examples	verified	verified	Held Language56/1 article126-136; substantive body126-134 read. Rejects a common PGmc umlaut-allophone stage, favoring individual-language prehistories126-129. h denotes a voiceless velar spirant127fn8; explicit PGmc forms and later process dating are separate. Glyph verification is recorded per form, not presumed for every example.
HowellSalmons1988	reconstruction	docs/references/howell_salmons_i_lowering.txt;docs/references/howell_salmons_1988_lowering_of_i.txt;docs/references/howell_salmons_1988_lowering_of_i.pdf	Umlaut conditioning and residues	verification_gap	unreviewed	Held title identifies Umlautless Residues in Germanic1997; legacy key/filenames say1988. Verify duplicate extracts and citation identity.
Lloyd1966	reconstruction	docs/references/lloyd_1966_a_umlaut_of_i.txt;docs/references/lloyd_1966_a_umlaut_of_i.pdf	Lowering of i and conditioning	unreviewed	unreviewed	Assess actual stages and examples before applying its account corpus-wide.
StauslandJohnsen2015	context	docs/references/stausland_johnsen_2015_vowel_reduction_pastoral_care.txt	Vowel reduction and attested OE context	unreviewed	unreviewed	Written-period facts are not independently supplied PGmc forms.
Stiles2012	reconstruction	docs/references/stiles_2012_a_umlaut_of_u.txt;docs/references/oxford_chapter.txt	North-West Germanic a-umlaut of u	unreviewed	unreviewed	The generic Oxford filename is another holding of this chapter, not another author account.
Polome1967	reconstruction	docs/references/polome_1967_reflexes_ie_ms.txt	IE ms reflexes and relevant formations	unreviewed	unreviewed	Record author's actual stage and morphology, not an inferred universal PGmc form.
Polome1994	reconstruction	docs/references/polome_1994_nowele23_proto_germanic.vision.txt	PGmc methodological and historical reconstruction	unreviewed	unreviewed	Stage definitions may differ from CAPR's convention.
Kylstra1983	reconstruction	docs/references/kylstra_1983_aelteren_umlauts_abag19.vision.txt;docs/references/article_18756719.txt	Earlier umlaut and reconstructive dating	unreviewed	unreviewed	Generic article filename has the same Kylstra title/author; do not count twice.
Bammesberger1997	reconstruction	docs/references/bammesberger_1997_herfest.txt	Herfest formation and related evidence	unreviewed	unreviewed	Study is scoped to its actual lexical examples.
Hamp1990	reconstruction	docs/references/hamp_1990_pie_bottom.vision.txt	Bottom formation and antecedents	unreviewed	unreviewed	Keep PIE derivation distinct from an author's explicit PGmc form.
vanHelten1905	reconstruction	docs/references/van_helten_1905_zahlwort.txt	Numeral formation and histories	unreviewed	unreviewed	No automatic coverage of nonnumeral etyma.
Vine2019	context	docs/references/vine_2019_greek_stomylos.txt	Stem/mouth ablaut and formation evidence	unreviewed	unreviewed	Use for the actual IE formation question, not an independent PGmc dictionary.
Kilday2024	reconstruction	docs/references/kilday_2024_crists_law_smiths_law_wizen.txt	Crist/Smith laws and wizen formations	unreviewed	unreviewed	Author's proposals remain attributed alternatives, not adopted CAPR laws.
Crist2001	reconstruction	docs/references/crist_2001_conspiracy_in_historical_phonology.txt	Historical phonology and reconstructed examples	unreviewed	unreviewed	Separate rules, analytical representation and whole-word reconstructions.
Bennett1950	reconstruction	docs/references/bennett_1950_germanic_development_of_ie_e.vision.txt	IE long-e Germanic development	unreviewed	unreviewed	Do not conflate inherited quantity arguments with short e/i raising.
Thorhallsdottir1993	reconstruction	docs/references/thorhallsdottir_1993_intervocalic_j.vision.txt	Intervocalic j and related PGmc formations	verified	unreviewed	Existing page map records printed folios; verify each new load-bearing form.
Lid1952	reconstruction	docs/references/lid_1952_nordiske_nominativ_an_stammer.vision.txt	Nominative an-stems and comparative quantity evidence	unreviewed	unreviewed	Source citation cells and loan evidence must not be conflated.
Crist2002	reconstruction	docs/references/crist_2002_z_loss_west_germanic.txt	West Germanic z-loss and reconstructed histories	unreviewed	unreviewed	Explicit WGmc histories are not automatically PGmc citations.
Mees2020	reconstruction	docs/references/mees_2020_dziedzice_inscription_wgmc_rhotacism.txt	Rhotacism and runic reconstruction evidence	unreviewed	unreviewed	Keep reading, attestation date, phonetic interpretation and inferred history distinct.
Stiles2017	reconstruction	docs/references/stiles_2017_opedal_swestar_runic.txt	Sister and runic reconstruction evidence	unreviewed	unreviewed	Exact word/cell and author-stage labels require verification.
NeriRingeReview	context	docs/references/neri_review_ringe_pie_to_pgmc.txt	Review of Ringe's first edition	unreviewed	unreviewed	Not a direct review of the held2017 revision; record edition and quoted-author attribution.
Stiles1985	reconstruction	docs/references/stiles_1985_four_part1_nowele6_excerpt_pp89-94.txt	Four numeral history	verification_gap	unreviewed	Held excerpt is pp89-94 only; do not claim the complete article.
Stiles1986a	reconstruction	docs/references/stiles_1986_four_part2_nowele7.pdf	Four numeral history partII	unreviewed	unreviewed	PDF-only holding; verify its reconstruction and printed folios directly.
Stiles1986b	reconstruction	docs/references/stiles_1986_four_part3_nowele8.pdf	Four numeral history partIII	unreviewed	unreviewed	Separate article contribution, not interchangeable pagination with partI.
Ringe1984	reconstruction	docs/references/ringe_1984_germanic_e2_and_r.vision.txt	Germanic e2 and r	unreviewed	unreviewed	Keep e1/e2 analysis and dates distinct from other vowel issues.
Rice1994	context	docs/references/rice_1994_peripheral_in_consonants.vision.txt	Phonological representation context	unreviewed	unreviewed	Do not turn general feature theory into source-attested PGmc words.
GermanicSlavicBaltic2025	reconstruction	docs/references/2025_Germanic_Slavic_and_Baltic_thousand.txt	Thousand reconstruction and alternatives	unreviewed	unreviewed	Author Rémy Viredaz; distinguish quoted older reconstructions from his own conclusions.
Luehr1993	reconstruction	docs/references/luehr_article.txt;docs/references/luehr_article.pdf	Thousand formation and Germanic/Balto-Slavic reconstruction alternatives	verified	unreviewed	Local20-sheet article matches author/title and printed117-136; journal/year corroborated by held Viredaz bibliography under Lühr1993. Scientific argument and diplomatic forms still require review; do not conflate this article with the distinct1998 EWA entry.
CaedmonsHymnVitt1452	context	docs/references/caedmons_hymn_rome_ms_vitt_em_1452.vision.txt	Attestation/cell evidence where an actual corpus etymon occurs	unreviewed	unreviewed	Manuscript witness is not a PGmc reconstruction source.
Bremmer2009	reconstruction	docs/references/bremmer_2009_introduction_old_frisian.vision.txt	Comparative ancestral reconstructions relevant to OE	unreviewed	unreviewed	Frisian daughter forms remain comparative evidence, not OE targets.
Nielsen2001	reconstruction	docs/references/nielsen_2001_frisian_and_grouping_older_germanic_languages.vision.txt	North Sea grouping and ancestral reconstructions	unreviewed	unreviewed	Keep historical identity and shared surface correspondence separate.
Hogg1979	reconstruction	docs/references/hogg_1979_old_english_palatalization.vision.txt	Palatalization and source-specific oblique cells	verified	unreviewed	Key/day intermediates are not PGmc inputs by default.
Goblirsch1991	reconstruction	docs/references/goblirsch_1991_germanic_ai_and_au_in_anglo_frisian.vision.txt	ai/au and reconstructed milestones	unreviewed	unreviewed	Do not harmonize quantities or stress across incompatible source premises.
Campbell1939	reconstruction	docs/references/campbell_1939_some_old_frisian_sound_changes.vision.txt	Comparative ai/au/fronting histories	unreviewed	unreviewed	OE branch is the implementation target; Frisian facts remain comparative.
Bremmer2008	context	docs/references/bremmer_2008_north_sea_germanic_at_the_cross_roads.txt	North Sea historical framing	unreviewed	unreviewed	Explicit reconstructions must be distinguished from subgroup labels.
Kortlandt2008	reconstruction	docs/references/kortlandt_2008_anglo_frisian.txt	Ancestral/daughter reconstructed histories	unreviewed	unreviewed	Record alternative topology assumptions without adopting them.
Laker2007	reconstruction	docs/references/laker_2007_palatalization_of_velars.txt	Palatal classes and reconstructed antecedents	verified	unreviewed	Use repaired font-aware text; raw text layer corrupts palatal marks.
Repansek2012	reconstruction	docs/references/repansek_2012_anglo_frisian_vowel_system.txt	Vowel-system reconstructions	unreviewed	unreviewed	Record source stress/quantity and uncertainties independently.
Versloot2017	reconstruction	docs/references/versloot_2017_proto_germanic_ai_in_north_and_west_germanic.txt	PGmc ai and daughter histories	unreviewed	unreviewed	Competing chronology premises must remain visible.
Versloot2021	reconstruction	docs/references/versloot_2021_traces_of_a_north_sea_germanic_idiom.txt	North Sea reconstructed histories	unreviewed	unreviewed	Scope to actual etyma and conditioned examples.
Versloot2025	reconstruction	docs/references/versloot_2025_reconstructing_historical_phonology_of_oe.txt	OE sound histories and competing reconstructions	unreviewed	unreviewed	Dialect-specific antecedents are not automatically PGmc or WS corpus targets.
Waxenberger2019	context	docs/references/waxenberger_2019_absolute_chronology_pre_oe_runic.txt	Runic reading, reconstruction and chronology context	unreviewed	unreviewed	Reading/date/phonetic interpretation are separate evidence axes.
